id,Total_Cell_Count,Proliferative_Cell_Count,Proliferative_Cell_Percentage
UNTR_LIPO,724.5472973,309.4797297,42.71353035
UBC,125.25,0.791666667,0.632069195
MC4,504.3125,64.9375,12.8764407
MC3,416.7291667,2.9375,0.704894266
MC2,500.3333333,126.9166667,25.36642239
MC1,669.9166667,94.72916667,14.14044035
hsa-miR-99b-5p,557.5,55,9.865470852
hsa-miR-99b-3p,491,35.5,7.230142566
hsa-miR-99a-5p,548.5,60.5,11.03008204
hsa-miR-99a-3p,553.5,64.5,11.65311653
hsa-miR-98-5p,564.5,76.5,13.55181577
hsa-miR-98-3p,479,39,8.141962422
hsa-miR-96-5p,415,3.5,0.843373494
hsa-miR-96-3p,630.5,146.5,23.23552736
hsa-miR-95,480,47,9.791666667
hsa-miR-944,445.5,16.5,3.703703704
hsa-miR-943,715.5,106.5,14.88469602
hsa-miR-942,564.5,38.5,6.820194863
hsa-miR-941,649.5,212,32.64049269
hsa-miR-940,465,11,2.365591398
hsa-miR-939-5p,957,187,19.54022989
hsa-miR-939-3p,554.5,68.5,12.3534716
hsa-miR-938,569.5,54.5,9.569798068
hsa-miR-937-5p,635,154,24.2519685
hsa-miR-937-3p,678,124.5,18.36283186
hsa-miR-936,816,281,34.43627451
hsa-miR-935,550,8,1.454545455
hsa-miR-934,527,104,19.73434535
hsa-miR-933,1012.5,266.5,26.32098765
hsa-miR-93-5p,1019.5,294.5,28.88670917
hsa-miR-93-3p,514,13.5,2.626459144
hsa-miR-92b-5p,831,289,34.77737665
hsa-miR-92b-3p,810,263.5,32.5308642
hsa-miR-92a-3p,735.5,199,27.0564242
hsa-miR-92a-2-5p,668,148.5,22.23053892
hsa-miR-92a-1-5p,406,11,2.709359606
hsa-miR-924,553,73,13.20072333
hsa-miR-923 Not in mirbase v21.0,NA,NA,NA
hsa-miR-922,735.5,182.5,24.81305235
hsa-miR-921,573.5,42,7.323452485
hsa-miR-920,665,164,24.66165414
hsa-miR-9-5p,521.5,28.5,5.465004794
hsa-miR-9-3p,435,1,0.229885057
hsa-miR-892c-5p,470.5,76,16.15302869
hsa-miR-892c-3p,472,38.5,8.156779661
hsa-miR-892b,423,0,0
hsa-miR-892a,575,50,8.695652174
hsa-miR-891b,448.5,9.5,2.118171683
hsa-miR-891a,677.5,209.5,30.92250923
hsa-miR-890,431.5,3,0.695249131
hsa-miR-889,683.5,98,14.33796635
hsa-miR-888-5p,593,112.5,18.97133221
hsa-miR-888-3p,554,16.5,2.97833935
hsa-miR-887-3p,567,41.5,7.319223986
hsa-miR-886-5p Not in mirbase v21.0,NA,NA,NA
hsa-miR-886-3p Not in mirbase v21.0,NA,NA,NA
hsa-miR-885-5p,638,90.5,14.18495298
hsa-miR-885-3p,400.5,1,0.24968789
hsa-miR-877-5p,735,255.5,34.76190476
hsa-miR-877-3p,543.5,17,3.127874885
hsa-miR-876-5p,619.5,79,12.75221953
hsa-miR-876-3p,325,1,0.307692308
hsa-miR-875-5p,526.5,41.5,7.882241216
hsa-miR-875-3p,701,170.5,24.32239658
hsa-miR-874,695.5,90.5,13.01222142
hsa-miR-873-5p,831,297.5,35.80024067
hsa-miR-873-3p,901.5,352.5,39.1014975
hsa-miR-802,490,21.5,4.387755102
hsa-miR-801 Not in mirbase v21.0,NA,NA,NA
hsa-miR-770-5p,720.5,168.5,23.38653713
hsa-miR-769-5p,669,116,17.33931241
hsa-miR-769-3p,559.5,49,8.757819482
hsa-miR-768-5p Not in mirbase v21.0,NA,NA,NA
hsa-miR-768-3p Not in mirbase v21.0,NA,NA,NA
hsa-miR-767-5p,583,66,11.32075472
hsa-miR-767-3p,893,317.5,35.55431131
hsa-miR-766-5p,436,25.5,5.848623853
hsa-miR-766-3p,469.5,7,1.490947817
hsa-miR-765,451.5,34,7.530454042
hsa-miR-764,528,8,1.515151515
hsa-miR-762,763,345.5,45.28178244
hsa-miR-761,620.5,106,17.08299758
hsa-miR-760,558.5,29,5.192479857
hsa-miR-759,631,231.5,36.68779715
hsa-miR-758-5p,710,278,39.15492958
hsa-miR-758-3p,536.5,32.5,6.05778192
hsa-miR-744-5p,615,9.5,1.544715447
hsa-miR-744-3p,558.5,7,1.253357207
hsa-miR-720 Not in mirbase v21.0,NA,NA,NA
hsa-miR-718,868,323.5,37.26958525
hsa-miR-711,856.5,343,40.04670169
hsa-miR-708-5p,652,138.5,21.24233129
hsa-miR-708-3p,535.5,24,4.481792717
hsa-miR-7-5p,604,45.5,7.533112583
hsa-miR-7-2-3p,630.5,160.5,25.45598731
hsa-miR-7-1-3p,590.5,127,21.50719729
hsa-miR-676-5p,716,252.5,35.26536313
hsa-miR-676-3p,587,35.5,6.04770017
hsa-miR-675-5p,621,35,5.636070853
hsa-miR-675-3p,602.5,60,9.958506224
hsa-miR-6724-5p,574.5,96.5,16.79721497
hsa-miR-6723-5p,387.5,18.5,4.774193548
hsa-miR-6722-5p,355.5,17,4.781997187
hsa-miR-6722-3p,327.5,22,6.717557252
hsa-miR-6721-5p,350,49.5,14.14285714
hsa-miR-6720-3p,316,4.5,1.424050633
hsa-miR-6719-3p,374.5,100.5,26.83578104
hsa-miR-6718-5p,405.5,10,2.466091245
hsa-miR-6717-5p,494.5,36,7.28008089
hsa-miR-6716-5p,603.5,62,10.27340514
hsa-miR-6716-3p,676.5,266,39.32002956
hsa-miR-6715b-5p,377.5,5,1.324503311
hsa-miR-6715b-3p,432,10.5,2.430555556
hsa-miR-6715a-3p,455,8.5,1.868131868
hsa-miR-671-5p,509,38,7.465618861
hsa-miR-671-3p,467.5,17,3.636363636
hsa-miR-670,700,191.5,27.35714286
hsa-miR-668-3p,638,161.5,25.31347962
hsa-miR-665,521,41,7.869481766
hsa-miR-664b-5p,601.5,42.5,7.06566916
hsa-miR-664b-3p,590.5,27,4.572396274
hsa-miR-664a-5p,492,9,1.829268293
hsa-miR-664a-3p,876.5,386.5,44.09583571
hsa-miR-663b,702,227.5,32.40740741
hsa-miR-663a,861.5,309.5,35.92571097
hsa-miR-662,694,143,20.60518732
hsa-miR-661,415.5,4,0.962695548
hsa-miR-660-5p,428,10,2.336448598
hsa-miR-660-3p,619,65.5,10.5815832
hsa-miR-659-5p,753,80,10.62416999
hsa-miR-659-3p,522,25,4.789272031
hsa-miR-658,598,65.5,10.95317726
hsa-miR-657,711,99.5,13.99437412
hsa-miR-656-3p,575,65.5,11.39130435
hsa-miR-655-3p,546.5,12,2.1957914
hsa-miR-654-5p,564,28,4.964539007
hsa-miR-654-3p,514,2.5,0.486381323
hsa-miR-653-5p,655.5,93,14.18764302
hsa-miR-652-5p,474,50,10.54852321
hsa-miR-652-3p,752.5,128.5,17.07641196
hsa-miR-6515-5p,506,78,15.41501976
hsa-miR-6515-3p,717.5,251,34.9825784
hsa-miR-6514-5p,571.5,160,27.99650044
hsa-miR-6514-3p,299,0,0
hsa-miR-6513-5p,589.5,142,24.08821035
hsa-miR-6513-3p,779.5,187,23.98973701
hsa-miR-6512-5p,468,19,4.05982906
hsa-miR-6512-3p,444,1,0.225225225
hsa-miR-6511b-5p,488,23.5,4.81557377
hsa-miR-6511b-3p,574.5,178,30.98346388
hsa-miR-6511a-5p,545.5,58,10.6324473
hsa-miR-6511a-3p,476.5,37,7.764952781
hsa-miR-6510-5p,349,12,3.438395415
hsa-miR-6510-3p,611.5,91,14.88143908
hsa-miR-651-5p,588.5,60,10.19541206
hsa-miR-6509-5p,468.5,74.5,15.9018143
hsa-miR-6509-3p,578.5,154.5,26.70700086
hsa-miR-6508-5p,684.5,247.5,36.1577794
hsa-miR-6508-3p,545,106,19.44954128
hsa-miR-6507-5p,430,74.5,17.3255814
hsa-miR-6507-3p,537,72,13.40782123
hsa-miR-6506-5p,411.5,44.5,10.81409478
hsa-miR-6506-3p,384,23,5.989583333
hsa-miR-6505-5p,477.5,80,16.7539267
hsa-miR-6505-3p,366.5,2,0.545702592
hsa-miR-6504-5p,473.5,72,15.20591341
hsa-miR-6504-3p,391.5,12,3.0651341
hsa-miR-6503-5p,523,103.5,19.78967495
hsa-miR-6503-3p,492,64.5,13.1097561
hsa-miR-6502-5p,491.5,152.5,31.02746694
hsa-miR-6502-3p,579.5,126.5,21.82916307
hsa-miR-6501-5p,462,8,1.731601732
hsa-miR-6501-3p,411.5,36.5,8.869987849
hsa-miR-6500-5p,538.5,13,2.414113278
hsa-miR-6500-3p,436.5,11,2.520045819
hsa-miR-650,470.5,5,1.062699256
hsa-miR-6499-5p,492.5,40,8.121827411
hsa-miR-6499-3p,470.5,20,4.250797024
hsa-miR-649,795.5,336.5,42.30043997
hsa-miR-648,430.5,6.5,1.509872242
hsa-miR-647,516.5,20,3.872216844
hsa-miR-646,410.5,1.5,0.365408039
hsa-miR-645,458.5,3,0.654307525
hsa-miR-644a,414,1,0.241545894
hsa-miR-643,898,360,40.08908686
hsa-miR-642b-5p,595,93.5,15.71428571
hsa-miR-642b-3p,1310,914.5,69.80916031
hsa-miR-642a-5p,729,182,24.96570645
hsa-miR-642a-3p,1371,1062,77.46170678
hsa-miR-641,766.5,257,33.52902805
hsa-miR-640,475,11.5,2.421052632
hsa-miR-639,861.5,161,18.6883343
hsa-miR-638,791,177.5,22.43994943
hsa-miR-637,419.5,14.5,3.456495828
hsa-miR-636,880.5,325,36.91084611
hsa-miR-635,589.5,48,8.142493639
hsa-miR-634,262.5,2.5,0.952380952
hsa-miR-633,624.5,84.5,13.53082466
hsa-miR-632,575,33,5.739130435
hsa-miR-631,479.5,16,3.336809176
hsa-miR-630,459.5,2.5,0.544069641
hsa-miR-629-5p,517.5,33,6.376811594
hsa-miR-629-3p,548,76,13.86861314
hsa-miR-628-5p,473.5,18.5,3.907074974
hsa-miR-628-3p,519,37.5,7.225433526
hsa-miR-627,551.5,94,17.0444243
hsa-miR-626,672.5,84,12.49070632
hsa-miR-625-5p,427.5,14,3.274853801
hsa-miR-625-3p,552,37.5,6.793478261
hsa-miR-624-5p,477.5,14.5,3.036649215
hsa-miR-624-3p,407.5,5,1.226993865
hsa-miR-623,606.5,150.5,24.81450948
hsa-miR-622,631,114,18.06656101
hsa-miR-621,527.5,62.5,11.84834123
hsa-miR-620,522.5,53,10.14354067
hsa-miR-619,559.5,59,10.54512958
hsa-miR-618,429,8.5,1.981351981
hsa-miR-617,494.5,3.5,0.707785642
hsa-miR-6165,787,331.5,42.12198221
hsa-miR-616-5p,657,214.5,32.64840183
hsa-miR-616-3p,541.5,118,21.79132041
hsa-miR-615-5p,720.5,328.5,45.59333796
hsa-miR-615-3p,693,249,35.93073593
hsa-miR-614,436,36,8.256880734
hsa-miR-6134,514,8.5,1.653696498
hsa-miR-6133,465.5,7.5,1.611170784
hsa-miR-6132,319,5.5,1.724137931
hsa-miR-6131,456,151,33.11403509
hsa-miR-6130,326.5,6,1.837672282
hsa-miR-613,424,2.5,0.589622642
hsa-miR-6129,377.5,13,3.443708609
hsa-miR-6128,522.5,211.5,40.4784689
hsa-miR-6127,520.5,72.5,13.92891451
hsa-miR-6126,420.5,11.5,2.734839477
hsa-miR-6125,696.5,312,44.7954056
hsa-miR-6124,858.5,510.5,59.46418171
hsa-miR-612,507.5,7.5,1.477832512
hsa-miR-611,683.5,239.5,35.04023409
hsa-miR-610,567.5,31,5.462555066
hsa-miR-6090,530,216,40.75471698
hsa-miR-609,547.5,12.5,2.283105023
hsa-miR-6089,537.5,217,40.37209302
hsa-miR-6088,583,198.5,34.04802744
hsa-miR-6087,524,85.5,16.31679389
hsa-miR-6086,570,101.5,17.80701754
hsa-miR-6085,430,65.5,15.23255814
hsa-miR-6084,447.5,48.5,10.83798883
hsa-miR-6083,402.5,14,3.47826087
hsa-miR-6082,624,175,28.04487179
hsa-miR-6081,341,8.5,2.492668622
hsa-miR-6080,735.5,156,21.21006118
hsa-miR-608,448.5,11.5,2.564102564
hsa-miR-6079,402.5,8,1.98757764
hsa-miR-6078,615.5,91.5,14.86596263
hsa-miR-6077,474.5,26.5,5.584826133
hsa-miR-6076,487,12.5,2.566735113
hsa-miR-6075,603,81.5,13.51575456
hsa-miR-6074,427,5.5,1.288056206
hsa-miR-6073,619,153,24.71728595
hsa-miR-6072,567.5,60,10.57268722
hsa-miR-6071,501.5,16.5,3.290129611
hsa-miR-6070,465,73.5,15.80645161
hsa-miR-607,712,268,37.64044944
hsa-miR-6069,441,42.5,9.637188209
hsa-miR-6068,578,163.5,28.28719723
hsa-miR-606,538.5,66,12.25626741
hsa-miR-605,479,1.5,0.313152401
hsa-miR-604,408,3,0.735294118
hsa-miR-603,433,16,3.695150115
hsa-miR-602,803.5,296.5,36.90105787
hsa-miR-601,560,35,6.25
hsa-miR-600,555.5,71.5,12.87128713
hsa-miR-599,592.5,89,15.02109705
hsa-miR-598,627.5,68.5,10.91633466
hsa-miR-597,654,206,31.49847095
hsa-miR-596,474.5,22,4.636459431
hsa-miR-595,682,89.5,13.12316716
hsa-miR-593-5p,547,47.5,8.683729433
hsa-miR-593-3p,361,1,0.27700831
hsa-miR-592,662.5,82,12.37735849
hsa-miR-591,740.5,133,17.96083727
hsa-miR-590-5p,520,83.5,16.05769231
hsa-miR-590-3p,716,265.5,37.08100559
hsa-miR-589-5p,667,108,16.19190405
hsa-miR-589-3p,623,50.5,8.105939005
hsa-miR-588,578,53,9.169550173
hsa-miR-587,636,72,11.32075472
hsa-miR-586,639,172.5,26.99530516
hsa-miR-585,514,6,1.167315175
hsa-miR-584-5p,541,42,7.763401109
hsa-miR-584-3p,524.5,4,0.762631077
hsa-miR-583,574.5,53,9.225413403
hsa-miR-582-5p,882,149,16.89342404
hsa-miR-582-3p,584,42.5,7.27739726
hsa-miR-581,510.5,27.5,5.386875612
hsa-miR-580,537,108,20.11173184
hsa-miR-579,567.5,10.5,1.850220264
hsa-miR-5787,709,361,50.9167842
hsa-miR-578,444,2.5,0.563063063
hsa-miR-577,673.5,179.5,26.65181886
hsa-miR-576-5p,610,135,22.13114754
hsa-miR-576-3p,680,125,18.38235294
hsa-miR-575,690.5,194,28.09558291
hsa-miR-574-5p,563,90,15.98579041
hsa-miR-574-3p,647,119,18.39258114
hsa-miR-5739,528.5,157,29.70671712
hsa-miR-573,442,16.5,3.733031674
hsa-miR-572,774.5,161,20.78760491
hsa-miR-571,400,0.5,0.125
hsa-miR-5708,526.5,75.5,14.33998101
hsa-miR-5707,611.5,237.5,38.83892069
hsa-miR-5706,691.5,270.5,39.11785973
hsa-miR-5705,778,318.5,40.93830334
hsa-miR-5704,791,351.5,44.43742099
hsa-miR-5703,631,105,16.64025357
hsa-miR-5702,620.5,194.5,31.34568896
hsa-miR-5701,417,3,0.71942446
hsa-miR-5700,732,319.5,43.64754098
hsa-miR-570-5p,958.5,417,43.50547731
hsa-miR-570-3p,421.5,33,7.829181495
hsa-miR-5699,739.5,321,43.40770791
hsa-miR-5698,634.5,234,36.87943262
hsa-miR-5697,446.5,52,11.64613662
hsa-miR-5696,584.5,71,12.1471343
hsa-miR-5695,780,402,51.53846154
hsa-miR-5694,473.5,75,15.83949314
hsa-miR-5693,477.5,39.5,8.272251309
hsa-miR-5692c,778,335.5,43.12339332
hsa-miR-5692b,774,296.5,38.30749354
hsa-miR-5692a,557.5,96.5,17.30941704
hsa-miR-5691,561.5,108,19.23419412
hsa-miR-5690,478.5,114,23.82445141
hsa-miR-569,532,54,10.15037594
hsa-miR-5689,426.5,35,8.206330598
hsa-miR-5688,606,179.5,29.62046205
hsa-miR-5687,548.5,113,20.60164084
hsa-miR-5686,635,249,39.21259843
hsa-miR-5685,656,120.5,18.36890244
hsa-miR-5684,479,31.5,6.576200418
hsa-miR-5683,428,8.5,1.985981308
hsa-miR-5682,477.5,44.5,9.319371728
hsa-miR-5681b,372,0,0
hsa-miR-5681a,295.5,2.5,0.846023689
hsa-miR-5680,462,64.5,13.96103896
hsa-miR-568,984,446.5,45.37601626
hsa-miR-567,532,8,1.503759398
hsa-miR-566,619.5,87,14.04358354
hsa-miR-564,511.5,14.5,2.834799609
hsa-miR-563,534,29.5,5.524344569
hsa-miR-562,524,21,4.007633588
hsa-miR-561-5p,648,89.5,13.8117284
hsa-miR-561-3p,507,52.5,10.35502959
hsa-miR-5591-5p,585.5,28,4.782237404
hsa-miR-5591-3p,380,0.5,0.131578947
hsa-miR-5590-5p,470,5.5,1.170212766
hsa-miR-5590-3p,555.5,49,8.820882088
hsa-miR-559,538.5,120.5,22.37697307
hsa-miR-5589-5p,323,6,1.857585139
hsa-miR-5589-3p,437,18.5,4.233409611
hsa-miR-5588-5p,404,22,5.445544554
hsa-miR-5588-3p,641,65.5,10.21840874
hsa-miR-5587-5p,428,14.5,3.387850467
hsa-miR-5587-3p,513,106,20.66276803
hsa-miR-5586-5p,392,1.5,0.382653061
hsa-miR-5586-3p,614,267.5,43.56677524
hsa-miR-5585-5p,436.5,7.5,1.718213058
hsa-miR-5585-3p,579.5,159.5,27.52372735
hsa-miR-5584-5p,729.5,197,27.00479781
hsa-miR-5584-3p,401,1,0.249376559
hsa-miR-5583-5p,608.5,213.5,35.08627773
hsa-miR-5583-3p,489.5,45.5,9.295199183
hsa-miR-5582-5p,381,3.5,0.918635171
hsa-miR-5582-3p,558.5,155.5,27.84243509
hsa-miR-5581-5p,281.5,1.5,0.53285968
hsa-miR-5581-3p,709.5,84.5,11.90979563
hsa-miR-5580-5p,493.5,10.5,2.127659574
hsa-miR-5580-3p,460.5,10,2.17155266
hsa-miR-558,439,10.5,2.391799544
hsa-miR-5579-5p,637,123.5,19.3877551
hsa-miR-5579-3p,525,139.5,26.57142857
hsa-miR-5572,332,6,1.807228916
hsa-miR-5571-5p,448.5,25.5,5.685618729
hsa-miR-5571-3p,386.5,33.5,8.667529107
hsa-miR-557,555,32,5.765765766
hsa-miR-556-5p,562,100.5,17.88256228
hsa-miR-556-3p,472.5,8.5,1.798941799
hsa-miR-555,454,3.5,0.77092511
hsa-miR-554,627.5,91,14.50199203
hsa-miR-553,723.5,247.5,34.20870767
hsa-miR-552,506.5,6.5,1.283316881
hsa-miR-551b-5p,400.5,52,12.98377029
hsa-miR-551b-3p,719.5,204.5,28.42251564
hsa-miR-551a,638,131,20.53291536
hsa-miR-550b-3p,453.5,22,4.851157663
hsa-miR-550b-2-5p,871.5,203.5,23.35054504
hsa-miR-550a-5p,607.5,39,6.419753086
hsa-miR-550a-3p,464,14,3.017241379
hsa-miR-550a-3-5p,857.5,269,31.37026239
hsa-miR-549a,589,51,8.658743633
hsa-miR-548z,561,98,17.4688057
hsa-miR-548y,466.5,56,12.00428725
hsa-miR-548x-5p,448,94,20.98214286
hsa-miR-548x-3p,722.25,272.5,37.7293181
hsa-miR-548w,685,194.5,28.39416058
hsa-miR-548v,500,11.5,2.3
hsa-miR-548u,833.5,337,40.43191362
hsa-miR-548t-5p,677,117,17.28212703
hsa-miR-548t-3p,620.5,299,48.18694601
hsa-miR-548s,630.5,139,22.04599524
hsa-miR-548q,592.5,91.5,15.44303797
hsa-miR-548p,766,277.5,36.22715405
hsa-miR-548o-5p,720,199.5,27.70833333
hsa-miR-548o-3p,671.5,193,28.74162323
hsa-miR-548n,635.5,139,21.87254131
hsa-miR-548m,467.5,33.5,7.165775401
hsa-miR-548l,653,99.5,15.237366
hsa-miR-548k,473,10,2.114164905
hsa-miR-548j-5p,580.5,64,11.02497847
hsa-miR-548i,597,73,12.2278057
hsa-miR-548h-5p,541.5,81.5,15.05078486
hsa-miR-548h-3p,501.5,64,12.76171486
hsa-miR-548g-5p,456,98,21.49122807
hsa-miR-548g-3p,856.5,383.5,44.7752481
hsa-miR-548e,562.5,90.5,16.08888889
hsa-miR-548d-5p,606.5,139,22.91838417
hsa-miR-548d-3p,585,101.5,17.35042735
hsa-miR-548c-5p,621,134,21.57809984
hsa-miR-548c-3p,648,228.5,35.26234568
hsa-miR-548b-5p,584,80.5,13.78424658
hsa-miR-548b-3p,863.5,406,47.0179502
hsa-miR-548az-5p,551,140.5,25.49909256
hsa-miR-548az-3p,395,23,5.82278481
hsa-miR-548ay-5p,606,124,20.4620462
hsa-miR-548ay-3p,424,7.5,1.768867925
hsa-miR-548ax,592,103.5,17.48310811
hsa-miR-548aw,428.5,8,1.86697783
hsa-miR-548av-5p,471,11,2.335456476
hsa-miR-548av-3p,809.5,338.5,41.81593576
hsa-miR-548au-5p,637.5,197.5,30.98039216
hsa-miR-548au-3p,366,1,0.273224044
hsa-miR-548at-5p,460,16,3.47826087
hsa-miR-548at-3p,412,53.5,12.98543689
hsa-miR-548as-5p,577,128,22.18370884
hsa-miR-548as-3p,585.5,117.5,20.06831768
hsa-miR-548ar-5p,522,146,27.96934866
hsa-miR-548ar-3p,435.5,71.5,16.41791045
hsa-miR-548aq-5p,545,161.5,29.63302752
hsa-miR-548aq-3p,632,278.5,44.0664557
hsa-miR-548ap-5p,661.5,157.5,23.80952381
hsa-miR-548ap-3p,507.5,84.5,16.65024631
hsa-miR-548ao-5p,673.5,258.5,38.38158872
hsa-miR-548ao-3p,666.5,116.5,17.47936984
hsa-miR-548an,439.5,18.5,4.209328783
hsa-miR-548am-5p,666.5,185,27.75693923
hsa-miR-548am-3p,763.5,276.5,36.21480026
hsa-miR-548al,581,69,11.87607573
hsa-miR-548ak,665,218.5,32.85714286
hsa-miR-548aj-5p,519.5,92.5,17.80558229
hsa-miR-548aj-3p,641,207.5,32.37129485
hsa-miR-548ai,791.5,352,44.47252053
hsa-miR-548ah-5p,736.5,196,26.61235574
hsa-miR-548ah-3p,674,263,39.02077151
hsa-miR-548ag,643,218.5,33.98133748
hsa-miR-548ae,711.5,257.5,36.19114547
hsa-miR-548ad,690,257.5,37.31884058
hsa-miR-548ac,645,182.5,28.29457364
hsa-miR-548ab,629.5,108,17.15647339
hsa-miR-548aa,494,74.5,15.08097166
hsa-miR-548a-5p,680,196.5,28.89705882
hsa-miR-548a-3p,480.5,28,5.827263267
hsa-miR-548-3p,549.6666667,92,16.73741662
hsa-miR-545-5p,792.5,341,43.02839117
hsa-miR-545-3p,691.5,228.5,33.04410701
hsa-miR-544b,534.5,35,6.548175865
hsa-miR-544a,439,24.5,5.580865604
hsa-miR-543,623.5,116,18.60465116
hsa-miR-542-5p,553.5,44.5,8.039747064
hsa-miR-542-3p,430,5,1.162790698
hsa-miR-541-5p,619.5,120,19.37046005
hsa-miR-541-3p,543,8,1.473296501
hsa-miR-539-5p,626.5,206.5,32.96089385
hsa-miR-539-3p,525.5,53.5,10.18078021
hsa-miR-532-5p,492.5,47.5,9.644670051
hsa-miR-532-3p,619.5,100,16.14205004
hsa-miR-527,444,12.5,2.815315315
hsa-miR-526b-5p,380,0,0
hsa-miR-526b-3p,1172.5,551,46.99360341
hsa-miR-526a,598.5,26,4.344193818
hsa-miR-525-5p,493.5,32,6.484295846
hsa-miR-525-3p,533.5,33,6.18556701
hsa-miR-524-5p,562,74,13.16725979
hsa-miR-524-3p,505,21,4.158415842
hsa-miR-523-5p,538.5,17.5,3.249767874
hsa-miR-523-3p,961.5,364,37.8575143
hsa-miR-522-5p,556,20,3.597122302
hsa-miR-522-3p,582,70.5,12.11340206
hsa-miR-521,750,226,30.13333333
hsa-miR-520h,1279.5,701,54.78702618
hsa-miR-520g,1278,531,41.54929577
hsa-miR-520f,762,117.5,15.41994751
hsa-miR-520e,1133.5,344.5,30.39258933
hsa-miR-520d-5p,443,12.5,2.821670429
hsa-miR-520d-3p,1066.5,272,25.503985
hsa-miR-520c-5p,596.5,25.5,4.274937133
hsa-miR-520c-3p,1052,327.5,31.13117871
hsa-miR-520b,1042,330.5,31.71785029
hsa-miR-520a-5p,443,27,6.094808126
hsa-miR-520a-3p,1021,361.5,35.40646425
hsa-miR-519e-5p,579.5,43.5,7.506471096
hsa-miR-519e-3p,742,73,9.838274933
hsa-miR-519d,1048.5,368,35.0977587
hsa-miR-519c-5p,552,24,4.347826087
hsa-miR-519c-3p,1338,482,36.02391629
hsa-miR-519b-5p,468.5,12,2.561366062
hsa-miR-519b-3p,1406,527,37.48221906
hsa-miR-519a-5p,545,15,2.752293578
hsa-miR-519a-3p,1497.5,530.5,35.42570952
hsa-miR-5197-5p,415,3,0.722891566
hsa-miR-5197-3p,595,77,12.94117647
hsa-miR-5196-5p,567.5,39,6.872246696
hsa-miR-5196-3p,498,25,5.020080321
hsa-miR-5195-5p,697.5,173,24.80286738
hsa-miR-5195-3p,569.5,48.5,8.516242318
hsa-miR-5194,679.5,55,8.094186902
hsa-miR-5193,432.5,15.5,3.583815029
hsa-miR-5192,510.5,10,1.958863859
hsa-miR-5191,508.5,49,9.636184857
hsa-miR-5190,513.5,34.5,6.718597858
hsa-miR-518f-5p,632,39,6.170886076
hsa-miR-518f-3p,418,9.5,2.272727273
hsa-miR-518e-5p,586.5,17,2.898550725
hsa-miR-518e-3p,531.5,47.5,8.936970837
hsa-miR-518d-5p,630.5,27,4.282315623
hsa-miR-518d-3p,372.5,2.5,0.67114094
hsa-miR-518c-5p,679,106.5,15.68483063
hsa-miR-518c-3p,397.5,7,1.761006289
hsa-miR-518b,353,5,1.416430595
hsa-miR-518a-5p,438,12.5,2.853881279
hsa-miR-518a-3p,386,11,2.849740933
hsa-miR-5189,438,13,2.96803653
hsa-miR-5188,442,27.5,6.221719457
hsa-miR-5187-5p,485,29.5,6.082474227
hsa-miR-5187-3p,485,68,14.02061856
hsa-miR-5186,453.5,21,4.630650496
hsa-miR-517c-3p,557,76.5,13.73429084
hsa-miR-517b-3p,604,82,13.57615894
hsa-miR-517a-3p,592,95,16.0472973
hsa-miR-517-5p,600.5,75.5,12.57285595
hsa-miR-516b-5p,430,23.5,5.465116279
hsa-miR-516b-3p,650.5,93.5,14.3735588
hsa-miR-516a-5p,723,142.5,19.70954357
hsa-miR-516a-3p,735,167,22.72108844
hsa-miR-515-5p,669,102.5,15.32137519
hsa-miR-515-3p,896.5,184,20.52426102
hsa-miR-514b-5p,585.5,35,5.977796755
hsa-miR-514b-3p,821.5,255.5,31.10164334
hsa-miR-514a-5p,762.25,174.5,22.89275172
hsa-miR-514a-3p,805,325.5,40.43478261
hsa-miR-513c-5p,601.5,24.5,4.073150457
hsa-miR-513c-3p,373,8,2.144772118
hsa-miR-513b,482.5,28,5.803108808
hsa-miR-513a-5p,586,73.5,12.54266212
hsa-miR-513a-3p,398.5,2,0.501882058
hsa-miR-512-5p,652.5,47,7.203065134
hsa-miR-512-3p,766.5,189.5,24.72276582
hsa-miR-511-5p,541,26,4.805914972
hsa-miR-5100,443.5,18.5,4.171364149
hsa-miR-510-5p,525,6,1.142857143
hsa-miR-5096,414.5,14,3.377563329
hsa-miR-5095,341,17.5,5.131964809
hsa-miR-5094,527.5,25.5,4.834123223
hsa-miR-5093,478.5,14,2.925809822
hsa-miR-5092,484.5,6.5,1.341589267
hsa-miR-5091,533,17.5,3.283302064
hsa-miR-5090,578.5,95,16.42178047
hsa-miR-509-5p,565,19.5,3.451327434
hsa-miR-509-3p,505,4.5,0.891089109
hsa-miR-509-3-5p,583,27,4.631217839
hsa-miR-5089-5p,621,125.5,20.20933977
hsa-miR-5089-3p,448.5,48,10.70234114
hsa-miR-5088,637,175,27.47252747
hsa-miR-5087,536.5,55,10.25163094
hsa-miR-508-5p,529,46,8.695652174
hsa-miR-508-3p,497.5,28,5.628140704
hsa-miR-507,450.5,7,1.553829079
hsa-miR-506-5p,749.5,271.5,36.22414943
hsa-miR-506-3p,379,0.5,0.131926121
hsa-miR-505-5p,631.5,91,14.4101346
hsa-miR-505-3p,708,70.5,9.957627119
hsa-miR-5047,524.5,76.5,14.58531935
hsa-miR-504,641,174,27.1450858
hsa-miR-503-5p,393.5,7,1.778907243
hsa-miR-503-3p,624.5,127.5,20.41633307
hsa-miR-502-5p,502,27,5.378486056
hsa-miR-502-3p,509,26,5.10805501
hsa-miR-5011-5p,484,6,1.239669421
hsa-miR-5011-3p,525.5,24.5,4.662226451
hsa-miR-5010-5p,624.5,110,17.61409127
hsa-miR-5010-3p,546.5,15,2.74473925
hsa-miR-501-5p,473.5,59.5,12.56599789
hsa-miR-501-3p,516.5,31.5,6.09874153
hsa-miR-500b,531,51.5,9.698681733
hsa-miR-500a-5p,566,36.5,6.448763251
hsa-miR-500a-3p,399,7,1.754385965
hsa-miR-5009-5p,494,45.5,9.210526316
hsa-miR-5009-3p,773.5,336,43.43891403
hsa-miR-5008-5p,458,25,5.458515284
hsa-miR-5008-3p,804.5,325,40.39776259
hsa-miR-5007-5p,483.5,50.5,10.44467425
hsa-miR-5007-3p,562.5,110,19.55555556
hsa-miR-5006-5p,749,328.5,43.85847797
hsa-miR-5006-3p,529.5,50.5,9.537299339
hsa-miR-5004-5p,598,72,12.04013378
hsa-miR-5004-3p,843.5,227,26.91167753
hsa-miR-5003-5p,524.5,30.5,5.815061964
hsa-miR-5003-3p,394.5,4,1.013941698
hsa-miR-5002-5p,394,14.5,3.680203046
hsa-miR-5002-3p,551.5,55.5,10.06346328
hsa-miR-5001-5p,587.5,46,7.829787234
hsa-miR-5001-3p,506.5,54,10.66140178
hsa-miR-5000-5p,451,0.5,0.110864745
hsa-miR-5000-3p,659.5,223.5,33.88931008
hsa-miR-499b-5p,405.5,18,4.438964242
hsa-miR-499b-3p,481.5,24,4.984423676
hsa-miR-499a-5p,496.5,6,1.208459215
hsa-miR-499a-3p,477.5,6.5,1.361256545
hsa-miR-4999-5p,825.5,144.5,17.5045427
hsa-miR-4999-3p,454,41,9.030837004
hsa-miR-498,737.5,229,31.05084746
hsa-miR-497-5p,404.5,0.5,0.123609394
hsa-miR-497-3p,486,50,10.28806584
hsa-miR-496,469.5,12.5,2.662406816
hsa-miR-495-5p,483.5,40.5,8.376421923
hsa-miR-495-3p,629.5,215,34.15409055
hsa-miR-494,533,6.5,1.219512195
hsa-miR-493-5p,522.5,110.5,21.14832536
hsa-miR-493-3p,662.5,31,4.679245283
hsa-miR-492,734.5,194,26.41252553
hsa-miR-491-5p,438.5,3,0.684150513
hsa-miR-491-3p,358,0,0
hsa-miR-490-5p,659,63,9.559939302
hsa-miR-490-3p,637,219.5,34.45839874
hsa-miR-489,463.5,10,2.157497303
hsa-miR-488-5p,495.5,27,5.449041372
hsa-miR-488-3p,500.5,10.5,2.097902098
hsa-miR-487b,595.5,109,18.30394626
hsa-miR-487a,562.5,171,30.4
hsa-miR-486-5p,779,202,25.93068036
hsa-miR-486-3p,404.5,11,2.719406675
hsa-miR-485-5p,529,19,3.59168242
hsa-miR-485-3p,669,98,14.64872945
hsa-miR-484,779,229.5,29.46084724
hsa-miR-483-5p,596,99.5,16.69463087
hsa-miR-483-3p,508,61,12.00787402
hsa-miR-4804-5p,568,21,3.697183099
hsa-miR-4804-3p,512,7.5,1.46484375
hsa-miR-4803,728.5,316,43.37680165
hsa-miR-4802-5p,545.5,32.5,5.957836847
hsa-miR-4802-3p,470.5,13,2.763018066
hsa-miR-4801,606.5,111,18.30173124
hsa-miR-4800-5p,636,77.5,12.18553459
hsa-miR-4800-3p,527,88.5,16.79316888
hsa-miR-4799-5p,502.5,62.5,12.43781095
hsa-miR-4799-3p,483,40,8.281573499
hsa-miR-4798-5p,513,87.5,17.05653021
hsa-miR-4798-3p,469.5,45.5,9.691160809
hsa-miR-4797-5p,413,1,0.242130751
hsa-miR-4797-3p,481,16.5,3.43035343
hsa-miR-4796-5p,381,4,1.049868766
hsa-miR-4796-3p,457.5,29,6.338797814
hsa-miR-4795-5p,563,77.5,13.76554174
hsa-miR-4795-3p,467,40,8.565310493
hsa-miR-4794,515.5,45.5,8.826382153
hsa-miR-4793-5p,384.5,14.5,3.771131339
hsa-miR-4793-3p,487,49,10.06160164
hsa-miR-4792,517.5,7.5,1.449275362
hsa-miR-4791,840,435.5,51.8452381
hsa-miR-4790-5p,420.5,3.5,0.832342449
hsa-miR-4790-3p,388.5,6.5,1.673101673
hsa-miR-4789-5p,501.5,50,9.970089731
hsa-miR-4789-3p,612.5,203,33.14285714
hsa-miR-4788,552,85,15.39855072
hsa-miR-4787-5p,761,346,45.46649146
hsa-miR-4787-3p,551.5,175,31.73164098
hsa-miR-4786-5p,686,132,19.24198251
hsa-miR-4786-3p,520,8.5,1.634615385
hsa-miR-4785,671,171.5,25.55886736
hsa-miR-4784,924.5,509.5,55.11087074
hsa-miR-4783-5p,714.5,201.5,28.20153954
hsa-miR-4783-3p,661,106,16.03630862
hsa-miR-4782-5p,384.5,7.5,1.950585176
hsa-miR-4782-3p,674.5,164.5,24.38843588
hsa-miR-4781-5p,439,33.5,7.630979499
hsa-miR-4781-3p,493,96,19.47261663
hsa-miR-4780,767,239.5,31.22555411
hsa-miR-4779,434.5,40,9.20598389
hsa-miR-4778-5p,496,106,21.37096774
hsa-miR-4778-3p,527,24.5,4.648956357
hsa-miR-4777-5p,346.5,3.5,1.01010101
hsa-miR-4777-3p,477.5,48,10.05235602
hsa-miR-4776-5p,657,172,26.17960426
hsa-miR-4776-3p,404.5,4,0.988875155
hsa-miR-4775,625,142.5,22.8
hsa-miR-4774-5p,455,49.5,10.87912088
hsa-miR-4774-3p,378.5,0,0
hsa-miR-4773,464,73.5,15.84051724
hsa-miR-4772-5p,353,5,1.416430595
hsa-miR-4772-3p,457.5,35.5,7.759562842
hsa-miR-4771,522.5,62.5,11.96172249
hsa-miR-4770,584.5,135,23.09666382
hsa-miR-4769-5p,703.5,206.5,29.35323383
hsa-miR-4769-3p,864.5,261.5,30.24869867
hsa-miR-4768-5p,488,36.5,7.479508197
hsa-miR-4768-3p,446,20,4.484304933
hsa-miR-4767,728,172.5,23.69505495
hsa-miR-4766-5p,638.5,154,24.11902897
hsa-miR-4766-3p,422,36,8.530805687
hsa-miR-4765,571.5,227,39.720035
hsa-miR-4764-5p,368,22.5,6.114130435
hsa-miR-4764-3p,645.5,129.5,20.06196747
hsa-miR-4763-5p,454,34.5,7.599118943
hsa-miR-4763-3p,547,91,16.63619744
hsa-miR-4762-5p,405.5,62.5,15.41307028
hsa-miR-4762-3p,376.5,1.5,0.398406375
hsa-miR-4761-5p,454.5,24,5.280528053
hsa-miR-4761-3p,432,40.5,9.375
hsa-miR-4760-5p,652,222.5,34.12576687
hsa-miR-4760-3p,529,123.5,23.34593573
hsa-miR-4759,521,92,17.65834933
hsa-miR-4758-5p,864,394,45.60185185
hsa-miR-4758-3p,734,128,17.4386921
hsa-miR-4757-5p,740,176,23.78378378
hsa-miR-4757-3p,657.5,283.5,43.11787072
hsa-miR-4756-5p,427.5,14.5,3.391812865
hsa-miR-4756-3p,518,63.5,12.25868726
hsa-miR-4755-5p,526,69.5,13.21292776
hsa-miR-4755-3p,615,110,17.88617886
hsa-miR-4754,493,11,2.231237323
hsa-miR-4753-5p,353.5,0.5,0.141442716
hsa-miR-4753-3p,369.5,3.5,0.947225981
hsa-miR-4752,467.5,6,1.28342246
hsa-miR-4751,700,230.5,32.92857143
hsa-miR-4750-5p,477,4,0.838574423
hsa-miR-4750-3p,660.5,223.5,33.83800151
hsa-miR-4749-5p,503.5,42,8.341608739
hsa-miR-4749-3p,894.5,388.5,43.43208496
hsa-miR-4748,558,36.5,6.541218638
hsa-miR-4747-5p,569,11,1.933216169
hsa-miR-4747-3p,428.5,41.5,9.684947491
hsa-miR-4746-5p,547,59.5,10.87751371
hsa-miR-4746-3p,576.5,16,2.775368604
hsa-miR-4745-5p,682.5,186.5,27.32600733
hsa-miR-4745-3p,722,206,28.53185596
hsa-miR-4744,723,258.5,35.7538036
hsa-miR-4743-5p,501.5,27.5,5.483549352
hsa-miR-4743-3p,455.5,9.5,2.085620198
hsa-miR-4742-5p,669.5,182,27.18446602
hsa-miR-4742-3p,611,74,12.11129296
hsa-miR-4741,986.5,525.5,53.2691333
hsa-miR-4740-5p,391,7,1.79028133
hsa-miR-4740-3p,552.5,139,25.15837104
hsa-miR-4739,621.5,99,15.92920354
hsa-miR-4738-5p,440.5,11.5,2.610669694
hsa-miR-4738-3p,539,36.5,6.771799629
hsa-miR-4737,470,4,0.85106383
hsa-miR-4736,366.5,3.5,0.954979536
hsa-miR-4735-5p,609,181.5,29.80295567
hsa-miR-4735-3p,544.5,99,18.18181818
hsa-miR-4734,660,65,9.848484848
hsa-miR-4733-5p,629.5,70.5,11.19936458
hsa-miR-4733-3p,543.5,119.5,21.98712052
hsa-miR-4732-5p,813.5,310,38.1069453
hsa-miR-4732-3p,850,420,49.41176471
hsa-miR-4731-5p,538.5,20,3.714020427
hsa-miR-4731-3p,545,101,18.53211009
hsa-miR-4730,389.5,13,3.337612323
hsa-miR-4729,639.5,91.5,14.30805317
hsa-miR-4728-5p,424,11.5,2.712264151
hsa-miR-4728-3p,584.5,183.5,31.39435415
hsa-miR-4727-5p,527,26,4.933586338
hsa-miR-4727-3p,528.5,37,7.000946074
hsa-miR-4726-5p,716,128.5,17.94692737
hsa-miR-4726-3p,515,44,8.54368932
hsa-miR-4725-5p,666.5,134.5,20.18004501
hsa-miR-4725-3p,641,61,9.516380655
hsa-miR-4724-5p,517.5,36,6.956521739
hsa-miR-4724-3p,441.5,13,2.944507361
hsa-miR-4723-5p,694,143,20.60518732
hsa-miR-4723-3p,727.5,306,42.06185567
hsa-miR-4722-5p,776,205,26.41752577
hsa-miR-4722-3p,424,11.5,2.712264151
hsa-miR-4721,464.5,7.5,1.614639397
hsa-miR-4720-5p,429,20,4.662004662
hsa-miR-4720-3p,421.5,27,6.40569395
hsa-miR-4719,826.5,406.5,49.18330309
hsa-miR-4718,810.5,106,13.0783467
hsa-miR-4717-5p,427.5,6.5,1.520467836
hsa-miR-4717-3p,901,294,32.63041065
hsa-miR-4716-5p,491,43,8.757637475
hsa-miR-4716-3p,530.5,28.5,5.372290292
hsa-miR-4715-5p,440,10.5,2.386363636
hsa-miR-4715-3p,819.5,214.5,26.17449664
hsa-miR-4714-5p,747.5,202.5,27.090301
hsa-miR-4714-3p,590,168.5,28.55932203
hsa-miR-4713-5p,483.5,88.5,18.30403309
hsa-miR-4713-3p,506.5,40.5,7.996051333
hsa-miR-4712-5p,525,22.5,4.285714286
hsa-miR-4712-3p,417,24.5,5.87529976
hsa-miR-4711-5p,392.5,6.5,1.656050955
hsa-miR-4711-3p,657.5,122.5,18.63117871
hsa-miR-4710,630,53,8.412698413
hsa-miR-4709-5p,629.5,64,10.16679905
hsa-miR-4709-3p,425,6.5,1.529411765
hsa-miR-4708-5p,541.5,58,10.710988
hsa-miR-4708-3p,393,3.5,0.890585242
hsa-miR-4707-5p,797.5,349,43.76175549
hsa-miR-4707-3p,566,83.5,14.75265018
hsa-miR-4706,673,50.5,7.50371471
hsa-miR-4705,639.5,132.5,20.71931196
hsa-miR-4704-5p,588.5,65.5,11.1299915
hsa-miR-4704-3p,685,259,37.81021898
hsa-miR-4703-5p,621,173.5,27.93880837
hsa-miR-4703-3p,837,265.5,31.72043011
hsa-miR-4701-5p,449.5,23,5.11679644
hsa-miR-4701-3p,420,2.5,0.595238095
hsa-miR-4700-5p,580,27.5,4.74137931
hsa-miR-4700-3p,744.5,343,46.07118872
hsa-miR-4699-5p,738.5,65.5,8.869329722
hsa-miR-4699-3p,504,42,8.333333333
hsa-miR-4698,520.5,80.5,15.46589817
hsa-miR-4697-5p,391,4.5,1.150895141
hsa-miR-4697-3p,926.5,347,37.45277928
hsa-miR-4696,592.5,73.5,12.40506329
hsa-miR-4695-5p,598,88,14.71571906
hsa-miR-4695-3p,680,124,18.23529412
hsa-miR-4694-5p,491.5,13,2.644964395
hsa-miR-4694-3p,543,43,7.918968692
hsa-miR-4693-5p,475.5,14,2.94426919
hsa-miR-4693-3p,464.5,7,1.506996771
hsa-miR-4692,564.5,35.5,6.288751107
hsa-miR-4691-5p,583,85.5,14.66552316
hsa-miR-4691-3p,798,229.5,28.7593985
hsa-miR-4690-5p,386.5,2.5,0.64683053
hsa-miR-4690-3p,819,326.5,39.86568987
hsa-miR-4689,633,50.5,7.977883096
hsa-miR-4688,473,44,9.302325581
hsa-miR-4687-5p,607,104.5,17.21581549
hsa-miR-4687-3p,627.5,61,9.721115538
hsa-miR-4686,482.5,6.5,1.347150259
hsa-miR-4685-5p,602,100.5,16.69435216
hsa-miR-4685-3p,652,194,29.75460123
hsa-miR-4684-5p,576,163.5,28.38541667
hsa-miR-4684-3p,560,41,7.321428571
hsa-miR-4683,548,10.5,1.916058394
hsa-miR-4682,524,24.5,4.675572519
hsa-miR-4681,593,44,7.41989882
hsa-miR-4680-5p,466,7,1.502145923
hsa-miR-4680-3p,440.5,57.5,13.05334847
hsa-miR-4679,675,221,32.74074074
hsa-miR-4678,508.5,30,5.899705015
hsa-miR-4677-5p,449.5,1,0.22246941
hsa-miR-4677-3p,455,18,3.956043956
hsa-miR-4676-5p,582,70,12.02749141
hsa-miR-4676-3p,726,91.5,12.60330579
hsa-miR-4675,537.5,14.5,2.697674419
hsa-miR-4674,456.5,4.5,0.985761227
hsa-miR-4673,532.5,61,11.45539906
hsa-miR-4672,442.5,7,1.581920904
hsa-miR-4671-5p,643.5,180.5,28.04972805
hsa-miR-4671-3p,493,15,3.042596349
hsa-miR-4670-5p,598.5,71.5,11.946533
hsa-miR-4670-3p,531,40.5,7.627118644
hsa-miR-4669,544.5,69,12.67217631
hsa-miR-4668-5p,691,249.5,36.10709117
hsa-miR-4668-3p,501,78.5,15.66866267
hsa-miR-4667-5p,556.5,11,1.976639712
hsa-miR-4667-3p,735,145.5,19.79591837
hsa-miR-4666b,453,23.5,5.187637969
hsa-miR-4666a-5p,486,31.5,6.481481481
hsa-miR-4666a-3p,747,279,37.34939759
hsa-miR-4665-5p,694,42,6.051873199
hsa-miR-4665-3p,619.5,76.5,12.34866828
hsa-miR-4664-5p,409,19.5,4.767726161
hsa-miR-4664-3p,471,7.5,1.592356688
hsa-miR-4663,547,83,15.17367459
hsa-miR-4662b,598,99,16.55518395
hsa-miR-4662a-5p,437.5,8,1.828571429
hsa-miR-4662a-3p,632.5,95,15.01976285
hsa-miR-4661-5p,376.5,3.5,0.929614874
hsa-miR-4661-3p,458.5,2.5,0.54525627
hsa-miR-4660,538,50.5,9.3866171
hsa-miR-466,703,255,36.27311522
hsa-miR-4659b-5p,505.5,13,2.571711177
hsa-miR-4659b-3p,386,2,0.518134715
hsa-miR-4659a-5p,634.5,111.5,17.57289204
hsa-miR-4659a-3p,495,17.5,3.535353535
hsa-miR-4658,748,258,34.49197861
hsa-miR-4657,516.5,57.5,11.13262343
hsa-miR-4656,361,5.5,1.523545706
hsa-miR-4655-5p,516,6.5,1.259689922
hsa-miR-4655-3p,659,165.5,25.1138088
hsa-miR-4654,576,12,2.083333333
hsa-miR-4653-5p,819.5,355,43.31909701
hsa-miR-4653-3p,530,37.5,7.075471698
hsa-miR-4652-5p,529.5,16.5,3.116147309
hsa-miR-4652-3p,635,153.5,24.17322835
hsa-miR-4651,547,66.5,12.15722121
hsa-miR-4650-5p,431.5,21,4.866743917
hsa-miR-4650-3p,499.5,60,12.01201201
hsa-miR-4649-5p,526,113.5,21.57794677
hsa-miR-4649-3p,373.5,19.5,5.220883534
hsa-miR-4648,601.5,34.5,5.735660848
hsa-miR-4647,698,216,30.94555874
hsa-miR-4646-5p,472.5,31,6.560846561
hsa-miR-4646-3p,633,106.5,16.82464455
hsa-miR-4645-5p,641.5,146,22.75915822
hsa-miR-4645-3p,496,18,3.629032258
hsa-miR-4644,648.5,27.5,4.240555127
hsa-miR-4643,633,137.5,21.72195893
hsa-miR-4642,426.5,6,1.406799531
hsa-miR-4641,525,41,7.80952381
hsa-miR-4640-5p,688,102.5,14.89825581
hsa-miR-4640-3p,794.5,177.5,22.34109503
hsa-miR-4639-5p,445.5,20.5,4.601571268
hsa-miR-4639-3p,418,32,7.655502392
hsa-miR-4638-5p,504,18,3.571428571
hsa-miR-4638-3p,702,83,11.82336182
hsa-miR-4637,515,25.5,4.951456311
hsa-miR-4636,509,41.5,8.15324165
hsa-miR-4635,466.5,7,1.500535906
hsa-miR-4634,671.5,176,26.20997766
hsa-miR-4633-5p,421,7.5,1.781472684
hsa-miR-4633-3p,494.5,6,1.213346815
hsa-miR-4632-5p,666.5,143,21.45536384
hsa-miR-4632-3p,710.5,162.5,22.87121745
hsa-miR-455-5p,875,263,30.05714286
hsa-miR-455-3p,496,26.5,5.342741935
hsa-miR-4540,468.5,16,3.415154749
hsa-miR-454-5p,614.5,154.5,25.14239219
hsa-miR-454-3p,781,108.5,13.89244558
hsa-miR-4539,626.5,163.5,26.09736632
hsa-miR-4538,319.5,0,0
hsa-miR-4537,599.5,74.5,12.42702252
hsa-miR-4536-5p,427.5,18,4.210526316
hsa-miR-4536-3p,836,200,23.92344498
hsa-miR-4535,817,242.5,29.68176255
hsa-miR-4534,618.5,136,21.9886823
hsa-miR-4533,556,89,16.00719424
hsa-miR-4532,701,208.5,29.74322397
hsa-miR-4531,582.5,17.5,3.004291845
hsa-miR-4530,718.5,215,29.92345164
hsa-miR-4529-5p,496.5,35,7.049345418
hsa-miR-4529-3p,550,17,3.090909091
hsa-miR-4528,565,91,16.10619469
hsa-miR-4527,399.5,4.5,1.12640801
hsa-miR-4526,521.5,98.5,18.88782359
hsa-miR-4525,635.5,76.5,12.03776554
hsa-miR-4524b-5p,348,11,3.16091954
hsa-miR-4524b-3p,377,7.5,1.98938992
hsa-miR-4524a-5p,385,2,0.519480519
hsa-miR-4524a-3p,583,86.5,14.83704974
hsa-miR-4523,647.5,114.5,17.68339768
hsa-miR-4522,532,5.5,1.033834586
hsa-miR-4521,541,92.5,17.09796673
hsa-miR-4520b-5p,541.5,38,7.01754386
hsa-miR-4520b-3p,515,55.5,10.77669903
hsa-miR-4520a-5p,540,30.5,5.648148148
hsa-miR-4520a-3p,524.5,32,6.101048618
hsa-miR-452-5p,851,187.5,22.03290247
hsa-miR-452-3p,355.5,5,1.406469761
hsa-miR-451b,490,64.5,13.16326531
hsa-miR-451a,572,110,19.23076923
hsa-miR-4519,406,39.5,9.729064039
hsa-miR-4518,841,218,25.921522
hsa-miR-4517,541.5,49,9.048938135
hsa-miR-4516,626.5,209.5,33.43974461
hsa-miR-4515,426,5.5,1.291079812
hsa-miR-4514,487.5,18,3.692307692
hsa-miR-4513,605.5,94.5,15.60693642
hsa-miR-4512,647,79,12.21020093
hsa-miR-4511,750.5,274.5,36.57561626
hsa-miR-4510,546,9,1.648351648
hsa-miR-450b-5p,579.5,28.5,4.918032787
hsa-miR-450b-3p,548,45,8.211678832
hsa-miR-450a-5p,589,154,26.14601019
hsa-miR-450a-3p,572,100,17.48251748
hsa-miR-4509,665,218.5,32.85714286
hsa-miR-4508,876,396,45.20547945
hsa-miR-4507,550,26,4.727272727
hsa-miR-4506,466.5,15,3.215434084
hsa-miR-4505,361,9,2.493074792
hsa-miR-4504,494.5,17.5,3.53892821
hsa-miR-4503,457,42.5,9.299781182
hsa-miR-4502,768.5,262,34.09238777
hsa-miR-4501,456.5,23.5,5.147864184
hsa-miR-4500,520,70,13.46153846
hsa-miR-449c-5p,479,6,1.252609603
hsa-miR-449c-3p,464.5,47,10.11840689
hsa-miR-449b-5p,435,0,0
hsa-miR-449b-3p,741,217.5,29.35222672
hsa-miR-449a,417.5,1.5,0.359281437
hsa-miR-4499,635.5,143.5,22.58064516
hsa-miR-4498,263,6,2.281368821
hsa-miR-4497,656.5,42.5,6.473724296
hsa-miR-4496,589,129,21.90152801
hsa-miR-4495,783,297,37.93103448
hsa-miR-4494,636,121,19.02515723
hsa-miR-4493,500.5,2,0.3996004
hsa-miR-4492,725,143.5,19.79310345
hsa-miR-4491,535,14.5,2.710280374
hsa-miR-4490,828.5,225,27.15751358
hsa-miR-4489,491.5,34,6.917599186
hsa-miR-4488,739.5,200.5,27.11291413
hsa-miR-4487,420,31.5,7.5
hsa-miR-4486,591.5,21.5,3.634826712
hsa-miR-4485,494,14,2.834008097
hsa-miR-4484,408,3,0.735294118
hsa-miR-4483,473,3,0.634249471
hsa-miR-4482-5p,416,10,2.403846154
hsa-miR-4482-3p,492,80,16.2601626
hsa-miR-4481,589,155,26.31578947
hsa-miR-4480,501,34.5,6.886227545
hsa-miR-448,529,65,12.28733459
hsa-miR-4479,523.5,5,0.955109838
hsa-miR-4478,479,12,2.505219207
hsa-miR-4477b,515,77.5,15.04854369
hsa-miR-4477a,461,29.5,6.399132321
hsa-miR-4476,518,37,7.142857143
hsa-miR-4475,554,45,8.122743682
hsa-miR-4474-5p,614.5,224,36.45240033
hsa-miR-4474-3p,544,51,9.375
hsa-miR-4473,517.5,19,3.671497585
hsa-miR-4472,800,239,29.875
hsa-miR-4471,685,103,15.03649635
hsa-miR-4470,557,51.5,9.245960503
hsa-miR-4469,638.5,163,25.52858262
hsa-miR-4468,420.5,10.5,2.497027348
hsa-miR-4467,606.5,34,5.605935697
hsa-miR-4466,845,412,48.75739645
hsa-miR-4465,528,34.5,6.534090909
hsa-miR-4464,567.5,66,11.62995595
hsa-miR-4463,680,205,30.14705882
hsa-miR-4462,878,365.5,41.62870159
hsa-miR-4461,695,70,10.07194245
hsa-miR-4460,417.5,2,0.479041916
hsa-miR-4459,723.5,182,25.15549413
hsa-miR-4458,559.5,77.5,13.85165326
hsa-miR-4457,549,87.5,15.93806922
hsa-miR-4456,450,36,8
hsa-miR-4455,463.5,7,1.510248112
hsa-miR-4454,485.5,28,5.767250257
hsa-miR-4453,377,1.5,0.397877984
hsa-miR-4452,492.5,15.5,3.147208122
hsa-miR-4451,435.5,13.5,3.099885189
hsa-miR-4450,457,10.5,2.297592998
hsa-miR-4449,705,182.5,25.88652482
hsa-miR-4448,551.5,60.5,10.9700816
hsa-miR-4447,596.5,58.5,9.807208718
hsa-miR-4446-5p,482.5,47.5,9.844559585
hsa-miR-4446-3p,480,93,19.375
hsa-miR-4445-5p,476,13.5,2.836134454
hsa-miR-4445-3p,602.5,117,19.41908714
hsa-miR-4444,638,60.5,9.482758621
hsa-miR-4443,423,5,1.182033097
hsa-miR-4442,651,177.5,27.26574501
hsa-miR-4441,345,7,2.028985507
hsa-miR-4440,582.5,35.5,6.094420601
hsa-miR-4439,795,184,23.14465409
hsa-miR-4438,365.5,30,8.207934337
hsa-miR-4437,400,8.5,2.125
hsa-miR-4436b-5p,604,139,23.01324503
hsa-miR-4436b-3p,446,18,4.035874439
hsa-miR-4436a,666.5,280.5,42.08552138
hsa-miR-4435,608.5,110.5,18.15940838
hsa-miR-4434,506,80.5,15.90909091
hsa-miR-4433-5p,587.5,44,7.489361702
hsa-miR-4433-3p,570,51.5,9.035087719
hsa-miR-4432,507.5,28.5,5.615763547
hsa-miR-4431,903,431.5,47.78516058
hsa-miR-4430,417.5,3,0.718562874
hsa-miR-4429,483.5,52,10.7549121
hsa-miR-4428,793.5,300,37.80718336
hsa-miR-4427,688,184,26.74418605
hsa-miR-4426,393,23,5.852417303
hsa-miR-4425,444.5,16.5,3.712035996
hsa-miR-4424,535.5,86.5,16.15312792
hsa-miR-4423-5p,678.5,92,13.55932203
hsa-miR-4423-3p,439.5,0.5,0.113765643
hsa-miR-4422,459,40.5,8.823529412
hsa-miR-4421,448,25,5.580357143
hsa-miR-4420,781,233.5,29.89756722
hsa-miR-4419b,545.5,39,7.149404216
hsa-miR-4419a,462,4.5,0.974025974
hsa-miR-4418,589,26.5,4.499151104
hsa-miR-4417,769,341.5,44.4083225
hsa-miR-4330,684.5,106.5,15.55880205
hsa-miR-433-3p,576,18,3.125
hsa-miR-4329,892,345,38.67713004
hsa-miR-4328,747.5,268.5,35.91973244
hsa-miR-4327,538,66,12.26765799
hsa-miR-4326,470.5,43,9.139213603
hsa-miR-4325,435.5,2.5,0.574052813
hsa-miR-4324,613.5,144,23.47188264
hsa-miR-4323,744.5,243,32.63935527
hsa-miR-4322,620.5,39.5,6.365834005
hsa-miR-4321,627,60,9.56937799
hsa-miR-4320,642.5,79.5,12.37354086
hsa-miR-432-5p,492.5,33.5,6.802030457
hsa-miR-432-3p,428,12.5,2.920560748
hsa-miR-4319,695,244,35.10791367
hsa-miR-4318,588,24.5,4.166666667
hsa-miR-4317,700,162,23.14285714
hsa-miR-4316,614.5,41.5,6.753458096
hsa-miR-4315,433,2,0.461893764
hsa-miR-4314,608,120,19.73684211
hsa-miR-4313,609,39.5,6.486042693
hsa-miR-4312,556,41,7.374100719
hsa-miR-4311,447.5,11,2.458100559
hsa-miR-4310,864.5,406.5,47.02139965
hsa-miR-431-5p,561,7,1.247771836
hsa-miR-431-3p,407,4,0.982800983
hsa-miR-4309,525.5,51,9.705042816
hsa-miR-4308,563.5,109.5,19.43212067
hsa-miR-4307,489.5,37,7.558733401
hsa-miR-4306,449,12.5,2.783964365
hsa-miR-4305,467.5,62,13.26203209
hsa-miR-4304,529,24.5,4.631379962
hsa-miR-4303,588.5,37.5,6.37213254
hsa-miR-4302,715.5,165.5,23.13067785
hsa-miR-4301,626,155.5,24.84025559
hsa-miR-4300,578,38.5,6.660899654
hsa-miR-4299,626.5,223.5,35.67438148
hsa-miR-4298,809,308.5,38.13349815
hsa-miR-4297,330.5,4,1.210287443
hsa-miR-4296,634.5,7,1.10323089
hsa-miR-4295,806.5,118,14.63112213
hsa-miR-4294,547.5,77.5,14.15525114
hsa-miR-4293,472.5,15.5,3.28042328
hsa-miR-4292,535,97,18.13084112
hsa-miR-4291,582.5,48.5,8.326180258
hsa-miR-4290,541.5,39.5,7.29455217
hsa-miR-429,497.5,13,2.613065327
hsa-miR-4289,519.5,14.5,2.791145332
hsa-miR-4288,632,20,3.164556962
hsa-miR-4287,677.5,222.5,32.84132841
hsa-miR-4286,555.5,124.5,22.41224122
hsa-miR-4285,742.5,282.5,38.04713805
hsa-miR-4284,497,63,12.67605634
hsa-miR-4283,329,9,2.73556231
hsa-miR-4282,662.5,97,14.64150943
hsa-miR-4281,772.5,316,40.90614887
hsa-miR-4280,428.5,23,5.36756126
hsa-miR-4279,591.5,58,9.805579036
hsa-miR-4278,558.5,59,10.56401074
hsa-miR-4277,679,225.5,33.21060383
hsa-miR-4276,649.5,160.5,24.7113164
hsa-miR-4275,649,213,32.81972265
hsa-miR-4274,433,16.5,3.810623557
hsa-miR-4273,549.5,23.5,4.276615105
hsa-miR-4272,690,246.5,35.72463768
hsa-miR-4271,699,207,29.61373391
hsa-miR-4270,478.5,13.5,2.821316614
hsa-miR-4269,477,10.5,2.201257862
hsa-miR-4268,417.5,21,5.02994012
hsa-miR-4267,442,8.5,1.923076923
hsa-miR-4266,456.5,27.5,6.024096386
hsa-miR-4265,531,5,0.941619586
hsa-miR-4264,852,418.5,49.11971831
hsa-miR-4263,476.5,38,7.974816369
hsa-miR-4262,484.5,44.5,9.184726522
hsa-miR-4261,490,19,3.87755102
hsa-miR-4260,748,246,32.88770053
hsa-miR-4259,305.5,2.5,0.818330606
hsa-miR-4258,983.5,555,56.43111337
hsa-miR-4257,786.5,285.5,36.30006357
hsa-miR-4256,444,6.5,1.463963964
hsa-miR-4255,554.5,39.5,7.123534716
hsa-miR-4254,701,136.5,19.4721826
hsa-miR-4253,708.5,93,13.12632322
hsa-miR-4252,597,123.5,20.68676717
hsa-miR-4251,637.5,125,19.60784314
hsa-miR-425-5p,794,228.5,28.77833753
hsa-miR-425-3p,637,52,8.163265306
hsa-miR-424-5p,433.5,2.5,0.576701269
hsa-miR-424-3p,591,84,14.21319797
hsa-miR-423-5p,781.5,218,27.89507358
hsa-miR-423-3p,749.5,54.5,7.271514343
hsa-miR-422a,601.5,108.5,18.03823774
hsa-miR-421,666,113.5,17.04204204
hsa-miR-412,807.5,129,15.9752322
hsa-miR-411-5p,583.5,120.5,20.6512425
hsa-miR-411-3p,633.5,104,16.41673244
hsa-miR-410,630.5,112.5,17.84298176
hsa-miR-409-5p,381.5,7,1.834862385
hsa-miR-409-3p,492,51.5,10.46747967
hsa-miR-3978,653,138.5,21.20980092
hsa-miR-3977,406,9,2.216748768
hsa-miR-3976,655,149,22.7480916
hsa-miR-3975,463.5,11,2.373247033
hsa-miR-3974,437,5,1.14416476
hsa-miR-3973,420.5,2.5,0.594530321
hsa-miR-3972,705.5,131,18.56839121
hsa-miR-3960,550,46.5,8.454545455
hsa-miR-3945,670,99,14.7761194
hsa-miR-3944-5p,595.5,50,8.396305626
hsa-miR-3944-3p,543,22,4.051565378
hsa-miR-3943,611,87.5,14.3207856
hsa-miR-3942-5p,564,140.5,24.91134752
hsa-miR-3942-3p,725.5,273,37.62922123
hsa-miR-3941,495,27.5,5.555555556
hsa-miR-3940-5p,707.5,98.5,13.92226148
hsa-miR-3940-3p,637,44,6.907378336
hsa-miR-3939,948,429,45.25316456
hsa-miR-3938,693,175,25.25252525
hsa-miR-3937,573,34.5,6.020942408
hsa-miR-3936,526.5,30,5.698005698
hsa-miR-3935,570,32.5,5.701754386
hsa-miR-3934-5p,765.5,179,23.38340954
hsa-miR-3934-3p,587.5,110.5,18.80851064
hsa-miR-3929,580.5,48.5,8.354866494
hsa-miR-3928,712,155,21.76966292
hsa-miR-3927-5p,499.5,75.5,15.11511512
hsa-miR-3927-3p,684.5,147,21.47552958
hsa-miR-3926,584.5,16,2.737382378
hsa-miR-3925-5p,627.5,155,24.70119522
hsa-miR-3925-3p,599.5,105,17.5145955
hsa-miR-3924,561.5,72,12.82279608
hsa-miR-3923,404.5,4,0.988875155
hsa-miR-3922-5p,477.5,8,1.67539267
hsa-miR-3922-3p,589.5,57,9.669211196
hsa-miR-3921,560.5,108.5,19.35771632
hsa-miR-3920,717,226.5,31.58995816
hsa-miR-3919,706.5,176,24.91153574
hsa-miR-3918,439.5,24.5,5.574516496
hsa-miR-3917,594.5,81,13.62489487
hsa-miR-3916,551,34,6.170598911
hsa-miR-3915,470.5,18.5,3.931987248
hsa-miR-3914,958,450.5,47.02505219
hsa-miR-3913-5p,873,360,41.2371134
hsa-miR-3913-3p,350.5,1,0.285306705
hsa-miR-3912,778,320.5,41.19537275
hsa-miR-3911,429.5,3.5,0.814901048
hsa-miR-3910,483,17,3.519668737
hsa-miR-3909,614.5,48,7.811228641
hsa-miR-3908,485,38.5,7.93814433
hsa-miR-3907,446,6.5,1.457399103
hsa-miR-384,573,51.5,8.987783595
hsa-miR-383,423,4,0.945626478
hsa-miR-382-5p,497,33.5,6.740442656
hsa-miR-382-3p,609.5,178.5,29.28630025
hsa-miR-381-5p,637,79,12.40188383
hsa-miR-381-3p,667,183.5,27.51124438
hsa-miR-380-5p,545.5,13,2.383134739
hsa-miR-380-3p,613,57.5,9.380097879
hsa-miR-379-5p,634,102.5,16.16719243
hsa-miR-379-3p,635.5,57.5,9.047993706
hsa-miR-378j,367,55,14.98637602
hsa-miR-378i,568.5,51,8.970976253
hsa-miR-378h,582,73,12.54295533
hsa-miR-378g,411.5,6.5,1.579586877
hsa-miR-378f,584,93.5,16.01027397
hsa-miR-378e,583,53.5,9.176672384
hsa-miR-378d,642,100,15.57632399
hsa-miR-378c,537,52,9.683426443
hsa-miR-378b,752,184,24.46808511
hsa-miR-378a-5p,396.5,10.5,2.648171501
hsa-miR-378a-3p,587,54.5,9.284497445
hsa-miR-377-5p,550.5,15.5,2.815622162
hsa-miR-377-3p,441.5,22.5,5.096262741
hsa-miR-376c-5p,700,74,10.57142857
hsa-miR-376c-3p,624,91,14.58333333
hsa-miR-376b-5p,679.5,84.5,12.43561442
hsa-miR-376b-3p,497.5,15.5,3.115577889
hsa-miR-376a-5p,371.5,7,1.884253028
hsa-miR-376a-3p,461,9,1.952277657
hsa-miR-376a-2-5p,541.5,81,14.95844875
hsa-miR-375,644,2,0.310559006
hsa-miR-374c-5p,464.5,5,1.076426265
hsa-miR-374c-3p,431.5,9.5,2.201622248
hsa-miR-374b-5p,640.5,94,14.67603435
hsa-miR-374b-3p,435.5,7,1.607347876
hsa-miR-374a-5p,719.5,200,27.79708131
hsa-miR-374a-3p,589.5,106,17.98134012
hsa-miR-373-5p,682,185.5,27.19941349
hsa-miR-373-3p,1006,329,32.70377734
hsa-miR-372,1098,408.5,37.20400729
hsa-miR-371b-5p,676,220,32.5443787
hsa-miR-371b-3p,819.5,170,20.74435631
hsa-miR-371a-5p,648,94,14.50617284
hsa-miR-371a-3p,860.5,135,15.68855317
hsa-miR-3714,488.5,3,0.614124872
hsa-miR-3713,538,29.5,5.483271375
hsa-miR-370,582.5,51,8.755364807
hsa-miR-3692-5p,665.5,268.5,40.34560481
hsa-miR-3692-3p,590,44.5,7.542372881
hsa-miR-3691-5p,707,106,14.99292786
hsa-miR-3691-3p,672,28,4.166666667
hsa-miR-3690,697.5,212,30.39426523
hsa-miR-369-5p,558.5,61.5,11.01163832
hsa-miR-369-3p,574,148,25.78397213
hsa-miR-3689f,510,20,3.921568627
hsa-miR-3689e,546.5,11.5,2.104300091
hsa-miR-3689d,598.5,57,9.523809524
hsa-miR-3689c,484.5,17.5,3.611971104
hsa-miR-3689b-5p,485,13.5,2.783505155
hsa-miR-3689b-3p,493,35.5,7.200811359
hsa-miR-3689a-5p,501.5,27.5,5.483549352
hsa-miR-3689a-3p,509,37,7.269155206
hsa-miR-3688-5p,551.5,28.5,5.167724388
hsa-miR-3688-3p,647,155,23.95672334
hsa-miR-3687,715.5,217,30.32844165
hsa-miR-3686,513,88.5,17.25146199
hsa-miR-3685,492.5,40,8.121827411
hsa-miR-3684,859,436.5,50.81490105
hsa-miR-3683,689,131,19.01306241
hsa-miR-3682-5p,418,1.5,0.358851675
hsa-miR-3682-3p,631.5,116.5,18.44813935
hsa-miR-3681-5p,722.5,119.5,16.53979239
hsa-miR-3681-3p,716,104.5,14.59497207
hsa-miR-3680-5p,610,83,13.60655738
hsa-miR-3680-3p,584.5,10.5,1.796407186
hsa-miR-3679-5p,773.5,220.5,28.50678733
hsa-miR-3679-3p,801,209.5,26.15480649
hsa-miR-3678-5p,496,3.5,0.705645161
hsa-miR-3678-3p,532,36,6.766917293
hsa-miR-3677-5p,487.5,1.5,0.307692308
hsa-miR-3677-3p,573,33.5,5.846422339
hsa-miR-3676-5p,510.5,23,4.505386876
hsa-miR-3676-3p,715,144.5,20.20979021
hsa-miR-3675-5p,398,13.5,3.391959799
hsa-miR-3675-3p,817,231.5,28.33537332
hsa-miR-3674,478.5,26.5,5.538140021
hsa-miR-3673,432,19.5,4.513888889
hsa-miR-3672,759.5,114,15.00987492
hsa-miR-3671,493.5,66.5,13.4751773
hsa-miR-3670,521,46,8.829174664
hsa-miR-367-5p,475.5,7,1.472134595
hsa-miR-367-3p,801,203,25.34332085
hsa-miR-3669,667.5,195.5,29.28838951
hsa-miR-3668,632.5,68,10.75098814
hsa-miR-3667-5p,661.5,130.5,19.72789116
hsa-miR-3667-3p,455.5,19,4.171240395
hsa-miR-3666,861,130.5,15.15679443
hsa-miR-3665,502.5,22.5,4.47761194
hsa-miR-3664-5p,613,117,19.08646003
hsa-miR-3664-3p,510,91.5,17.94117647
hsa-miR-3663-5p,664,125.5,18.90060241
hsa-miR-3663-3p,694.5,94,13.53491721
hsa-miR-3662,565.5,87.5,15.47303271
hsa-miR-3661,481.5,23,4.776739356
hsa-miR-3660,509,75,14.73477407
hsa-miR-365b-5p,812.5,226,27.81538462
hsa-miR-365b-3p,642.5,36,5.60311284
hsa-miR-365a-5p,816,325.5,39.88970588
hsa-miR-365a-3p,551.5,37.5,6.799637353
hsa-miR-3659,612,138,22.54901961
hsa-miR-3658,564,89,15.78014184
hsa-miR-3657,679.5,139.5,20.52980132
hsa-miR-3656,698.5,286,40.94488189
hsa-miR-3655,542,93,17.15867159
hsa-miR-3654,498.5,46.5,9.327983952
hsa-miR-3653,473.5,11,2.32312566
hsa-miR-3652,457,11.5,2.516411379
hsa-miR-3651,645.5,73,11.30906274
hsa-miR-3650,539.5,9,1.668211307
hsa-miR-3649,806.5,133.5,16.55300682
hsa-miR-3648,693.5,164,23.6481615
hsa-miR-3646,577,111,19.23743501
hsa-miR-363-5p,445,4,0.898876404
hsa-miR-363-3p,628,128.5,20.46178344
hsa-miR-3622b-5p,440.5,6.5,1.475595914
hsa-miR-3622b-3p,656.5,158.5,24.14318355
hsa-miR-3622a-5p,418.5,3,0.716845878
hsa-miR-3622a-3p,744,235.5,31.65322581
hsa-miR-3621,541,46.5,8.595194085
hsa-miR-3620-5p,345.5,8,2.315484805
hsa-miR-3620-3p,772.5,328.5,42.52427184
hsa-miR-362-5p,472.5,9.5,2.010582011
hsa-miR-362-3p,502.5,15,2.985074627
hsa-miR-3619-5p,469.5,18,3.833865815
hsa-miR-3619-3p,552.5,28.5,5.158371041
hsa-miR-3618,556.5,54.5,9.793351303
hsa-miR-3617-5p,1142.5,586.5,51.33479212
hsa-miR-3617-3p,546,9,1.648351648
hsa-miR-3616-5p,466.5,12,2.572347267
hsa-miR-3616-3p,477.5,12.5,2.617801047
hsa-miR-3615,729.5,203.5,27.89581905
hsa-miR-3614-5p,515.5,18.5,3.588748788
hsa-miR-3614-3p,520.5,27.5,5.283381364
hsa-miR-3613-5p,653,194.5,29.7856049
hsa-miR-3613-3p,759,157.5,20.75098814
hsa-miR-3612,456,3,0.657894737
hsa-miR-3611,509.5,28.5,5.593719333
hsa-miR-3610,699.5,123,17.58398856
hsa-miR-361-5p,628,71.5,11.38535032
hsa-miR-361-3p,635,59.5,9.37007874
hsa-miR-3609,621.5,47.5,7.642799678
hsa-miR-3607-5p,596,97,16.27516779
hsa-miR-3607-3p,715,261,36.5034965
hsa-miR-3606-5p,633.5,155.5,24.54617206
hsa-miR-3606-3p,544,79.5,14.61397059
hsa-miR-3605-5p,830.5,255.5,30.76459964
hsa-miR-3605-3p,590.5,72,12.19305673
hsa-miR-3591-5p,451.5,5,1.107419712
hsa-miR-3591-3p,382.5,1.5,0.392156863
hsa-miR-3529-5p,484,41,8.47107438
hsa-miR-3529-3p,417,36.5,8.752997602
hsa-miR-34c-5p,372,1,0.268817204
hsa-miR-34c-3p,434,6,1.382488479
hsa-miR-34b-5p,399.5,0.5,0.125156446
hsa-miR-34b-3p,475.5,24.5,5.152471083
hsa-miR-34a-5p,438,0.5,0.114155251
hsa-miR-34a-3p,496,0,0
hsa-miR-346,650.5,43.5,6.68716372
hsa-miR-345-5p,799,196,24.53066333
hsa-miR-345-3p,623.5,146.5,23.49639134
hsa-miR-342-5p,351.5,0.5,0.142247511
hsa-miR-342-3p,583.5,76,13.02485004
hsa-miR-340-5p,368,3,0.815217391
hsa-miR-340-3p,673.5,121.5,18.04008909
hsa-miR-33b-5p,454,38,8.370044053
hsa-miR-33b-3p,859.5,324,37.69633508
hsa-miR-33a-5p,466.5,30.5,6.538049303
hsa-miR-33a-3p,522,41.5,7.950191571
hsa-miR-339-5p,536.5,41.5,7.735321528
hsa-miR-339-3p,895,295,32.96089385
hsa-miR-338-5p,622.5,54.5,8.75502008
hsa-miR-338-3p,561,70,12.47771836
hsa-miR-337-5p,523,40.5,7.743785851
hsa-miR-337-3p,659,170,25.79666161
hsa-miR-335-5p,570.5,69,12.09465381
hsa-miR-335-3p,651.5,61.5,9.439754413
hsa-miR-331-5p,763.5,273.5,35.82187295
hsa-miR-331-3p,683.5,250.5,36.64959766
hsa-miR-330-5p,592.5,11.5,1.94092827
hsa-miR-330-3p,651.5,78.5,12.04911742
hsa-miR-329,465,16,3.440860215
hsa-miR-328,679,152,22.38586156
hsa-miR-326,520.5,21.5,4.130643612
hsa-miR-325,622,88,14.14790997
hsa-miR-324-5p,619.5,123,19.85472155
hsa-miR-324-3p,809,259,32.01483313
hsa-miR-323b-5p,426,28,6.572769953
hsa-miR-323b-3p,663,133,20.06033183
hsa-miR-323a-5p,461,5,1.084598698
hsa-miR-323a-3p,441.5,0,0
hsa-miR-320e,610,101,16.55737705
hsa-miR-320d,601,66.5,11.06489185
hsa-miR-320c,664.5,109.5,16.4785553
hsa-miR-320b,720.5,184,25.53782096
hsa-miR-320a,648.5,144.5,22.28218967
hsa-miR-3202,429,20.5,4.778554779
hsa-miR-3201,990,467.5,47.22222222
hsa-miR-3200-5p,463,29,6.26349892
hsa-miR-3200-3p,506.5,32,6.31786772
hsa-miR-32-5p,709,190,26.79830748
hsa-miR-32-3p,448.5,16.5,3.678929766
hsa-miR-3199,815.5,271.5,33.29245861
hsa-miR-3198,673.5,94,13.95694135
hsa-miR-3197,486.5,21,4.316546763
hsa-miR-3196,663,83,12.5188537
hsa-miR-3195,692,234.5,33.88728324
hsa-miR-3194-5p,668.5,132,19.74569933
hsa-miR-3194-3p,538,139,25.83643123
hsa-miR-3193,519.5,56,10.77959577
hsa-miR-3192,352,3.5,0.994318182
hsa-miR-3191-5p,402,8.5,2.114427861
hsa-miR-3191-3p,419,1,0.238663484
hsa-miR-3190-5p,539.5,34,6.302131603
hsa-miR-3190-3p,502.5,3.5,0.696517413
hsa-miR-3189-5p,741,317.5,42.84750337
hsa-miR-3189-3p,392.5,4.5,1.146496815
hsa-miR-3188,469,7.5,1.599147122
hsa-miR-3187-5p,481.5,36.5,7.580477674
hsa-miR-3187-3p,684.5,130.5,19.06501096
hsa-miR-3186-5p,658.5,48.5,7.365223994
hsa-miR-3186-3p,429,22.5,5.244755245
hsa-miR-3185,495,29.5,5.95959596
hsa-miR-3184-5p,858,353,41.14219114
hsa-miR-3184-3p,479.5,236,49.21793535
hsa-miR-3183,676,217,32.10059172
hsa-miR-3182,678,233,34.36578171
hsa-miR-3181,537.5,6.5,1.209302326
hsa-miR-3180-5p,610.5,165.5,27.10892711
hsa-miR-3180-3p,529,6.5,1.228733459
hsa-miR-3180,464,4.5,0.969827586
hsa-miR-3179,397,1.5,0.377833753
hsa-miR-3178,791.5,322.5,40.74542009
hsa-miR-3177-5p,518.5,256,49.3731919
hsa-miR-3177-3p,438,7,1.598173516
hsa-miR-3176,664,87.5,13.17771084
hsa-miR-3175,650,107.5,16.53846154
hsa-miR-3174,484,13,2.685950413
hsa-miR-3173-5p,411.5,161.5,39.24665857
hsa-miR-3173-3p,474,14.5,3.05907173
hsa-miR-3171,618.5,157.5,25.46483428
hsa-miR-3170,301.5,2,0.663349917
hsa-miR-3169,706,140,19.83002833
hsa-miR-3168,453,8,1.766004415
hsa-miR-3167,592,55.5,9.375
hsa-miR-3166,494,18,3.643724696
hsa-miR-3165,412,9.5,2.305825243
hsa-miR-3164,745,220.5,29.59731544
hsa-miR-3163,605,123.5,20.41322314
hsa-miR-3162-5p,639.5,130,20.32838155
hsa-miR-3162-3p,472.5,199.5,42.22222222
hsa-miR-3161,522.5,13.5,2.583732057
hsa-miR-3160-5p,486.5,220,45.22096608
hsa-miR-3160-3p,524.5,40.5,7.721639657
hsa-miR-3159,571,46,8.056042032
hsa-miR-3158-5p,300.5,25,8.319467554
hsa-miR-3158-3p,429.5,17,3.958090803
hsa-miR-3157-5p,370.5,0.5,0.134952767
hsa-miR-3157-3p,418,190.5,45.57416268
hsa-miR-3156-5p,745.5,186,24.94969819
hsa-miR-3156-3p,345,35,10.14492754
hsa-miR-3155b,453,52.5,11.58940397
hsa-miR-3155a,624.5,152.5,24.41953563
hsa-miR-3154,406,0.5,0.123152709
hsa-miR-3153,838,372,44.39140811
hsa-miR-3152-5p,593,328.5,55.39629005
hsa-miR-3152-3p,638.5,160,25.0587314
hsa-miR-3151,535.5,25.5,4.761904762
hsa-miR-3150b-5p,716.5,90.5,12.63084438
hsa-miR-3150b-3p,890.5,488,54.80067378
hsa-miR-3150a-5p,616.5,290,47.03974047
hsa-miR-3150a-3p,547,50.5,9.232175503
hsa-miR-3149,533,38.5,7.22326454
hsa-miR-3148,662.5,154,23.24528302
hsa-miR-3147,611.5,41.5,6.786590352
hsa-miR-3146,531,44,8.286252354
hsa-miR-3145-5p,635,290,45.66929134
hsa-miR-3145-3p,518.5,67,12.92189007
hsa-miR-3144-5p,663,117.5,17.7224736
hsa-miR-3144-3p,538.5,7.5,1.39275766
hsa-miR-3143,597.5,72,12.05020921
hsa-miR-3142,428,11,2.570093458
hsa-miR-3141,750.5,260.5,34.7101932
hsa-miR-3140-5p,456,125.5,27.52192982
hsa-miR-3140-3p,293.5,0,0
hsa-miR-3139,641.5,129.5,20.18706157
hsa-miR-3138,694.5,163.5,23.54211663
hsa-miR-3137,525.5,65.5,12.4643197
hsa-miR-3136-5p,758,161.5,21.3060686
hsa-miR-3136-3p,471.5,75,15.90668081
hsa-miR-3135b,504.5,11,2.180376611
hsa-miR-3135a,699,89,12.73247496
hsa-miR-3134,538,127,23.60594796
hsa-miR-3133,635,115,18.11023622
hsa-miR-3132,543.5,31,5.703771849
hsa-miR-3131,649,123.5,19.02927581
hsa-miR-3130-5p,388,12,3.092783505
hsa-miR-3130-3p,556,178.5,32.10431655
hsa-miR-3129-5p,751,245.5,32.689747
hsa-miR-3129-3p,415,48,11.56626506
hsa-miR-3128,486,14.5,2.983539095
hsa-miR-3127-5p,491.5,36.5,7.426246185
hsa-miR-3127-3p,535.5,194.5,36.32119514
hsa-miR-3126-5p,447.5,19,4.245810056
hsa-miR-3126-3p,355.5,6.5,1.828410689
hsa-miR-3125,721,203,28.15533981
hsa-miR-3124-5p,536.5,27,5.032618826
hsa-miR-3124-3p,736.5,366.5,49.76238968
hsa-miR-3123,691.5,243,35.14099783
hsa-miR-3122,792,344,43.43434343
hsa-miR-3121-5p,481.5,104,21.59916926
hsa-miR-3121-3p,636.5,91,14.29693637
hsa-miR-3120-5p,551.5,148,26.83590209
hsa-miR-3120-3p,451.5,37,8.194905869
hsa-miR-3119,479.5,4,0.834202294
hsa-miR-3118,729.5,199.5,27.34749829
hsa-miR-3117-5p,741,228.5,30.83670715
hsa-miR-3117-3p,553,67,12.11573237
hsa-miR-3116,414,8.5,2.053140097
hsa-miR-3115,420,0.5,0.119047619
hsa-miR-31-5p,509.5,6,1.177625123
hsa-miR-31-3p,581.5,109,18.74462597
hsa-miR-30e-5p,537,33,6.145251397
hsa-miR-30e-3p,728.5,198.5,27.24776939
hsa-miR-30d-5p,572,36,6.293706294
hsa-miR-30d-3p,749,203,27.10280374
hsa-miR-30c-5p,612.5,35,5.714285714
hsa-miR-30c-2-3p,528.5,28,5.298013245
hsa-miR-30c-1-3p,553,17,3.074141049
hsa-miR-30b-5p,603,34,5.638474295
hsa-miR-30b-3p,452,11,2.433628319
hsa-miR-30a-5p,552,10,1.811594203
hsa-miR-30a-3p,693.5,113.5,16.36625811
hsa-miR-3074-5p,287,9,3.135888502
hsa-miR-3074-3p,524,6.5,1.240458015
hsa-miR-3065-5p,728,286,39.28571429
hsa-miR-3065-3p,729.5,83,11.37765593
hsa-miR-3064-5p,610,28.5,4.672131148
hsa-miR-3064-3p,601,20,3.327787022
hsa-miR-302f,592,89,15.03378378
hsa-miR-302e,1168,411.5,35.23116438
hsa-miR-302d-5p,855.5,250,29.2226768
hsa-miR-302d-3p,1191.5,356,29.87830466
hsa-miR-302c-5p,864,264.5,30.61342593
hsa-miR-302c-3p,1266.5,578.5,45.67706277
hsa-miR-302b-5p,798.5,314.5,39.38634941
hsa-miR-302b-3p,1142,485.5,42.51313485
hsa-miR-302a-5p,871.5,389,44.6356856
hsa-miR-302a-3p,1270.5,469.5,36.95395514
hsa-miR-301b,883,159,18.00679502
hsa-miR-301a-5p,585.5,72,12.2971819
hsa-miR-301a-3p,894,174,19.46308725
hsa-miR-300,823.5,325.5,39.52641166
hsa-miR-29c-5p,784.5,137,17.46335245
hsa-miR-29c-3p,594.5,31.5,5.298570227
hsa-miR-29b-3p,697.5,46,6.594982079
hsa-miR-29b-2-5p,565.5,70,12.37842617
hsa-miR-29b-1-5p,515.5,81.5,15.80989331
hsa-miR-29a-5p,704,211.5,30.04261364
hsa-miR-29a-3p,668.5,46.5,6.955871354
hsa-miR-299-5p,685.5,64,9.336250912
hsa-miR-299-3p,568,18.5,3.257042254
hsa-miR-298,722.5,130,17.99307958
hsa-miR-297,507.5,5,0.985221675
hsa-miR-2964a-5p,494,10,2.024291498
hsa-miR-2964a-3p,490,36.5,7.448979592
hsa-miR-296-5p,691,41,5.933429812
hsa-miR-296-3p,618.5,74.5,12.04527082
hsa-miR-2909,663.5,145.5,21.92916353
hsa-miR-2861,840.5,359,42.71267103
hsa-miR-28-5p,578.5,133.5,23.07692308
hsa-miR-28-3p,568.5,68,11.96130167
hsa-miR-27b-5p,407,12,2.948402948
hsa-miR-27b-3p,557.5,78.5,14.08071749
hsa-miR-27a-5p,463.5,3.5,0.755124056
hsa-miR-27a-3p,526.5,75.5,14.33998101
hsa-miR-26b-5p,651.5,100.5,15.42594014
hsa-miR-26b-3p,493,8,1.622718053
hsa-miR-26a-5p,679,74,10.89837997
hsa-miR-26a-2-3p,576.5,147.5,25.58542931
hsa-miR-26a-1-3p,493.5,93,18.8449848
hsa-miR-2682-5p,425,2,0.470588235
hsa-miR-2682-3p,475.5,45,9.463722397
hsa-miR-2681-5p,567,81.5,14.37389771
hsa-miR-2681-3p,564,44,7.80141844
hsa-miR-25-5p,476.5,7,1.469045121
hsa-miR-25-3p,570.5,35.5,6.222611744
hsa-miR-2467-5p,439.5,14.5,3.299203641
hsa-miR-2467-3p,449,3,0.668151448
hsa-miR-24-3p,464.5,7.5,1.614639397
hsa-miR-24-2-5p,507,24.5,4.83234714
hsa-miR-24-1-5p,519,23,4.431599229
hsa-miR-23c,774,242,31.26614987
hsa-miR-23b-5p,501,28.5,5.688622754
hsa-miR-23b-3p,774,278,35.91731266
hsa-miR-23a-5p,648,232.5,35.87962963
hsa-miR-23a-3p,754,221,29.31034483
hsa-miR-2392,797,327,41.02885822
hsa-miR-2355-5p,916.5,328,35.78832515
hsa-miR-2355-3p,726,90.5,12.46556474
hsa-miR-2278,401,7.5,1.87032419
hsa-miR-2277-5p,597,25,4.18760469
hsa-miR-2277-3p,668.5,176.5,26.40239342
hsa-miR-2276,701.5,169,24.09123307
hsa-miR-224-5p,789.5,339.5,43.00189994
hsa-miR-224-3p,549.5,120,21.83803458
hsa-miR-223-5p,422,2.5,0.592417062
hsa-miR-223-3p,652.5,223,34.17624521
hsa-miR-222-5p,596,148,24.83221477
hsa-miR-222-3p,430,19.5,4.534883721
hsa-miR-221-5p,360,1,0.277777778
hsa-miR-221-3p,499.5,43.5,8.708708709
hsa-miR-220c Not in mirbase v21.0,NA,NA,NA
hsa-miR-220b Not in mirbase v21.0,NA,NA,NA
hsa-miR-220a Not in mirbase v21.0,NA,NA,NA
hsa-miR-22-5p,513,10,1.949317739
hsa-miR-22-3p,660,118,17.87878788
hsa-miR-219a-5p,NA,NA,NA
hsa-miR-219a-2-3p,NA,NA,NA
hsa-miR-219a-1-3p,NA,NA,NA
hsa-miR-219-5p,768,240,31.25
hsa-miR-219-2-3p,449,7,1.559020045
hsa-miR-219-1-3p,430.5,3.5,0.81300813
hsa-miR-218-5p,720.5,187,25.95419847
hsa-miR-218-2-3p,508.5,26.5,5.211406096
hsa-miR-218-1-3p,467,18.5,3.961456103
hsa-miR-217,614.5,48.5,7.892595606
hsa-miR-216b,853,308,36.10785463
hsa-miR-216a-5p,563.5,82.5,14.64063886
hsa-miR-216a-3p,532.5,38.5,7.230046948
hsa-miR-215,465.5,2,0.429645542
hsa-miR-214-5p,370.5,0.5,0.134952767
hsa-miR-214-3p,546,20,3.663003663
hsa-miR-212-5p,351.5,7,1.991465149
hsa-miR-212-3p,848,203,23.93867925
hsa-miR-2117,632,14.5,2.294303797
hsa-miR-2116-5p,510,6,1.176470588
hsa-miR-2116-3p,855,368.5,43.0994152
hsa-miR-2115-5p,806,216.5,26.86104218
hsa-miR-2115-3p,457.5,16.5,3.606557377
hsa-miR-2114-5p,557,6,1.077199282
hsa-miR-2114-3p,665.5,154,23.14049587
hsa-miR-2113,822,208,25.30413625
hsa-miR-2110,560.5,9.5,1.694915254
hsa-miR-211-5p,654,152.5,23.31804281
hsa-miR-211-3p,680.5,168.5,24.761205
hsa-miR-210,1001.5,270,26.95956066
hsa-miR-21-5p,568.5,152.5,26.82497801
hsa-miR-21-3p,541,21.5,3.974121996
hsa-miR-20b-5p,966.5,292,30.21210554
hsa-miR-20b-3p,636.5,77.5,12.17596229
hsa-miR-20a-5p,904,370,40.92920354
hsa-miR-20a-3p,906,300,33.11258278
hsa-miR-208b,494.5,2.5,0.505561173
hsa-miR-208a,505,1.5,0.297029703
hsa-miR-206,436,7,1.605504587
hsa-miR-2054,521.5,86.5,16.58676894
hsa-miR-2053,622,103,16.55948553
hsa-miR-2052,942.5,449,47.63925729
hsa-miR-205-5p,394.5,10,2.534854246
hsa-miR-205-3p,552.5,53.5,9.683257919
hsa-miR-204-5p,612.5,109.5,17.87755102
hsa-miR-204-3p,599.5,136,22.68557131
hsa-miR-203b-5p,397.5,1.5,0.377358491
hsa-miR-203b-3p,488,18,3.68852459
hsa-miR-203a,558,15.5,2.777777778
hsa-miR-202-5p,489,118,24.13087935
hsa-miR-202-3p,571,47.5,8.318739054
hsa-miR-200c-5p,489,36,7.36196319
hsa-miR-200c-3p,515,43.5,8.446601942
hsa-miR-200b-5p,694.5,167.5,24.11807055
hsa-miR-200b-3p,465.5,22,4.726100967
hsa-miR-200a-5p,799,240.5,30.10012516
hsa-miR-200a-3p,565.5,64.5,11.40583554
hsa-miR-19b-3p,723,156,21.57676349
hsa-miR-19b-2-5p,491,56.5,11.50712831
hsa-miR-19b-1-5p,371,2.5,0.673854447
hsa-miR-19a-5p,714,156,21.8487395
hsa-miR-19a-3p,827,142.5,17.23095526
hsa-miR-199b-5p,1277.5,578,45.2446184
hsa-miR-199b-3p,708,259.5,36.65254237
hsa-miR-199a-5p,1195,450.5,37.69874477
hsa-miR-199a-3p,755,229,30.33112583
hsa-miR-198,774.5,190,24.5319561
hsa-miR-1979 Not in mirbase v21.0,NA,NA,NA
hsa-miR-1978 Not in mirbase v21.0,NA,NA,NA
hsa-miR-1977 Not in mirbase v21.0,NA,NA,NA
hsa-miR-1976,476,18.5,3.886554622
hsa-miR-1975 Not in mirbase v21.0,NA,NA,NA
hsa-miR-1974 Not in mirbase v21.0,NA,NA,NA
hsa-miR-1973,700,104.5,14.92857143
hsa-miR-1972,431.5,17,3.939745075
hsa-miR-197-5p,711.5,175.5,24.66619817
hsa-miR-197-3p,719.5,138.5,19.2494788
hsa-miR-196b-5p,609.5,145.5,23.87202625
hsa-miR-196b-3p,481,54,11.22661123
hsa-miR-196a-5p,618,121.5,19.66019417
hsa-miR-196a-3p,533.5,31.5,5.904404873
hsa-miR-195-5p,391,4,1.023017903
hsa-miR-195-3p,631.5,142,22.4861441
hsa-miR-194-5p,542,97.5,17.98892989
hsa-miR-194-3p,803,260.5,32.44084682
hsa-miR-193b-5p,542.5,30,5.529953917
hsa-miR-193b-3p,347.5,2,0.575539568
hsa-miR-193a-5p,561,43,7.664884135
hsa-miR-193a-3p,375,5,1.333333333
hsa-miR-192-5p,388.5,1.5,0.386100386
hsa-miR-192-3p,506,17,3.359683794
hsa-miR-1915-5p,441.5,8,1.81200453
hsa-miR-1915-3p,668,220.5,33.00898204
hsa-miR-1914-5p,657.5,182.5,27.75665399
hsa-miR-1914-3p,861,381,44.25087108
hsa-miR-1913,1046.5,542,51.79168657
hsa-miR-1912,501.5,8,1.595214357
hsa-miR-1911-5p,539,73.5,13.63636364
hsa-miR-1911-3p,571.5,66.5,11.63604549
hsa-miR-1910,740,218,29.45945946
hsa-miR-191-5p,560.5,92.5,16.50312221
hsa-miR-191-3p,963.5,452,46.91229891
hsa-miR-190b,693,103,14.86291486
hsa-miR-190a,740,127.5,17.22972973
hsa-miR-1909-5p,595,43,7.226890756
hsa-miR-1909-3p,631,18,2.852614897
hsa-miR-1908,714,115,16.10644258
hsa-miR-18b-5p,572.5,66.5,11.61572052
hsa-miR-18b-3p,846,234,27.65957447
hsa-miR-18a-5p,646.5,80.5,12.4516628
hsa-miR-18a-3p,657,100,15.22070015
hsa-miR-188-5p,706.5,227.5,32.2009908
hsa-miR-188-3p,612.5,52,8.489795918
hsa-miR-187-5p,560,59,10.53571429
hsa-miR-187-3p,1065.5,436.5,40.96668231
hsa-miR-186-5p,620,127.5,20.56451613
hsa-miR-186-3p,686,211,30.75801749
hsa-miR-185-5p,545,18,3.302752294
hsa-miR-185-3p,468.5,12,2.561366062
hsa-miR-184,558.5,33,5.908683975
hsa-miR-183-5p,415,1,0.240963855
hsa-miR-183-3p,503.5,18,3.574975174
hsa-miR-1827,422.5,0,0
hsa-miR-1826 Not in mirbase v21.0,NA,NA,NA
hsa-miR-1825,851.5,168,19.72988843
hsa-miR-182-5p,405.5,10,2.466091245
hsa-miR-182-3p,462.5,1.5,0.324324324
hsa-miR-181d,753,233,30.94289509
hsa-miR-181c-5p,476,86.5,18.17226891
hsa-miR-181c-3p,562.5,31,5.511111111
hsa-miR-181b-5p,810,270.5,33.39506173
hsa-miR-181b-3p,674,129,19.13946588
hsa-miR-181a-5p,655,180.5,27.55725191
hsa-miR-181a-3p,633,65,10.2685624
hsa-miR-181a-2-3p,846,360.5,42.61229314
hsa-miR-17-5p,1084.5,381.5,35.17750115
hsa-miR-17-3p,440.5,13.5,3.064699205
hsa-miR-16-5p,402,0,0
hsa-miR-16-2-3p,449,29.5,6.570155902
hsa-miR-16-1-3p,726.5,198.5,27.32278045
hsa-miR-15b-5p,406.5,4,0.98400984
hsa-miR-15b-3p,770.5,160,20.76573653
hsa-miR-15a-5p,443,1,0.225733634
hsa-miR-15a-3p,432.5,7,1.61849711
hsa-miR-1587,458.5,10.5,2.290076336
hsa-miR-155-5p,533.5,33.5,6.279287723
hsa-miR-155-3p,459.5,33,7.18171926
hsa-miR-154-5p,635.5,44.5,7.002360346
hsa-miR-154-3p,610.5,131,21.45782146
hsa-miR-1539,667.5,88,13.1835206
hsa-miR-1538,679,226.5,33.35787923
hsa-miR-1537,713.5,211.5,29.64260687
hsa-miR-153,581.5,92.5,15.90713672
hsa-miR-152,1131.5,565.5,49.97790544
hsa-miR-151b,803,206.5,25.71606476
hsa-miR-151a-5p,815,280.5,34.41717791
hsa-miR-151a-3p,600,108,18
hsa-miR-150-5p,869.5,332.5,38.24036803
hsa-miR-150-3p,716.5,101,14.09630147
hsa-miR-149-5p,591,33,5.583756345
hsa-miR-149-3p,445.5,15.5,3.479236813
hsa-miR-148b-5p,415.5,0.5,0.120336943
hsa-miR-148b-3p,1080,389,36.01851852
hsa-miR-148a-5p,552,49,8.876811594
hsa-miR-148a-3p,1088.5,373,34.26734038
hsa-miR-147b,1043.5,399,38.2367034
hsa-miR-147a,420,3.5,0.833333333
hsa-miR-1471,769,253.5,32.96488947
hsa-miR-1470,802.5,232,28.90965732
hsa-miR-146b-5p,704,261,37.07386364
hsa-miR-146b-3p,711,65,9.142053446
hsa-miR-146a-5p,829.5,286,34.47860157
hsa-miR-146a-3p,650,196,30.15384615
hsa-miR-1469,481,6.5,1.351351351
hsa-miR-1468,616,136.5,22.15909091
hsa-miR-145-5p,600.5,143,23.81348876
hsa-miR-145-3p,442.5,4.5,1.016949153
hsa-miR-144-5p,511,35,6.849315068
hsa-miR-144-3p,516.5,17,3.291384318
hsa-miR-143-5p,549.5,34.5,6.278434941
hsa-miR-143-3p,676.5,147.5,21.80339985
hsa-miR-142-5p,630.5,108,17.12926249
hsa-miR-142-3p,640,116,18.125
hsa-miR-141-5p,380,1.5,0.394736842
hsa-miR-141-3p,568.5,65,11.43359719
hsa-miR-140-5p,598.5,61,10.19214703
hsa-miR-140-3p,973,499.5,51.336074
hsa-miR-139-5p,828,262,31.64251208
hsa-miR-139-3p,531.5,26,4.891815616
hsa-miR-138-5p,499.5,28.5,5.705705706
hsa-miR-138-2-3p,422,13.5,3.199052133
hsa-miR-138-1-3p,570,86.5,15.1754386
hsa-miR-137,457.5,5,1.092896175
hsa-miR-136-5p,785,298,37.96178344
hsa-miR-136-3p,401,4,0.997506234
hsa-miR-135b-5p,518.5,29.5,5.68948891
hsa-miR-135b-3p,600.5,49.5,8.243130724
hsa-miR-135a-5p,488,38.5,7.889344262
hsa-miR-135a-3p,681,41,6.020558003
hsa-miR-1343,478.5,53.5,11.18077325
hsa-miR-134,801.5,251.5,31.378665
hsa-miR-133b,521,22,4.222648752
hsa-miR-133a,516,27,5.23255814
hsa-miR-1324,558,88.5,15.86021505
hsa-miR-1323,560,48.5,8.660714286
hsa-miR-1322,531.5,20,3.762935089
hsa-miR-1321,482.5,17,3.523316062
hsa-miR-132-5p,594.5,9.5,1.597981497
hsa-miR-132-3p,844,232,27.48815166
hsa-miR-130b-5p,392.5,16.5,4.203821656
hsa-miR-130b-3p,734.5,94,12.79782165
hsa-miR-130a-5p,695,251,36.11510791
hsa-miR-130a-3p,762.5,96.5,12.6557377
hsa-miR-1308 Not in mirbase v21.0,NA,NA,NA
hsa-miR-1307-5p,866.5,280,32.31390652
hsa-miR-1307-3p,514,8.5,1.653696498
hsa-miR-1306-5p,495,29,5.858585859
hsa-miR-1306-3p,435.5,1,0.229621125
hsa-miR-1305,536,123.5,23.04104478
hsa-miR-1304-5p,456,3,0.657894737
hsa-miR-1304-3p,583,68,11.66380789
hsa-miR-1303,651,74.5,11.44393241
hsa-miR-1302,596,58.5,9.815436242
hsa-miR-1301,597,81,13.5678392
hsa-miR-1300 Not in mirbase v21.0,NA,NA,NA
hsa-miR-1299,570.5,49,8.588957055
hsa-miR-1298,697,115.5,16.57101865
hsa-miR-1297,690.5,132,19.11658219
hsa-miR-1296,777.5,132,16.97749196
hsa-miR-1295b-5p,427.5,15.5,3.625730994
hsa-miR-1295b-3p,279.5,8,2.862254025
hsa-miR-1295a,371.5,0.5,0.134589502
hsa-miR-1294,484.5,26,5.366357069
hsa-miR-1293,326.5,0,0
hsa-miR-1292-5p,601,108.5,18.05324459
hsa-miR-1292-3p,654.5,111,16.95951108
hsa-miR-1291,748.5,242.5,32.39812959
hsa-miR-1290,595,59.5,10
hsa-miR-129-5p,524,36,6.870229008
hsa-miR-129-2-3p,510,31.5,6.176470588
hsa-miR-129-1-3p,528.5,40,7.56859035
hsa-miR-1289,469,11.5,2.452025586
hsa-miR-1288,534.5,19.5,3.648269411
hsa-miR-1287,610.5,42,6.87960688
hsa-miR-1286,571.5,71.5,12.51093613
hsa-miR-1285-5p,814.5,189.5,23.26580724
hsa-miR-1285-3p,590.5,50.5,8.552074513
hsa-miR-1284,760.5,284,37.34385273
hsa-miR-1283,814,293.5,36.05651106
hsa-miR-1282,545.5,57,10.44912924
hsa-miR-1281,548,39.5,7.208029197
hsa-miR-1280  Not in mirbase v21.0,NA,NA,NA
hsa-miR-128-3p,580.5,38.5,6.632213609
hsa-miR-1279,928.5,424.5,45.71890145
hsa-miR-1278,488,6,1.229508197
hsa-miR-1277-5p,540.5,48,8.88066605
hsa-miR-1277-3p,671,207,30.84947839
hsa-miR-1276,505.5,36.5,7.220573689
hsa-miR-1275,443.5,5,1.127395716
hsa-miR-1274b  Not in mirbase v21.0,NA,NA,NA
hsa-miR-1274a  Not in mirbase v21.0,NA,NA,NA
hsa-miR-1273g-5p,601,110,18.30282862
hsa-miR-1273g-3p,398,3,0.753768844
hsa-miR-1273f,610,176,28.85245902
hsa-miR-1273e,511.5,20.5,4.007820137
hsa-miR-1273d,605,181.5,30
hsa-miR-1273c,608.5,135.5,22.26787182
hsa-miR-1273a,602.5,88,14.60580913
hsa-miR-1272,543,61.5,11.32596685
hsa-miR-1271-5p,493.5,7.5,1.519756839
hsa-miR-1271-3p,768,162.5,21.15885417
hsa-miR-1270,524,18,3.435114504
hsa-miR-127-5p,493,5.5,1.115618661
hsa-miR-127-3p,457,4.5,0.984682713
hsa-miR-1269b,446,7,1.569506726
hsa-miR-1269a,484.5,8.5,1.754385965
hsa-miR-1268b,798.5,347.5,43.51909831
hsa-miR-1268a,810,278.5,34.38271605
hsa-miR-1267,768.5,314,40.85881588
hsa-miR-1266,600,87.5,14.58333333
hsa-miR-1265,882.5,607.5,68.83852691
hsa-miR-1264,655,105.5,16.10687023
hsa-miR-1263,527.5,14,2.654028436
hsa-miR-1262,540,5.5,1.018518519
hsa-miR-1261,466.5,12.5,2.679528403
hsa-miR-1260b,730,226,30.95890411
hsa-miR-1260a,675,198,29.33333333
hsa-miR-126-5p,666.5,148,22.20555139
hsa-miR-126-3p,493.5,26.5,5.369807497
hsa-miR-125b-5p,738.5,212,28.70683819
hsa-miR-125b-2-3p,482.5,24.5,5.077720207
hsa-miR-125b-1-3p,528,68.5,12.97348485
hsa-miR-125a-5p,692.5,256.5,37.03971119
hsa-miR-125a-3p,581,132.5,22.80550775
hsa-miR-1259  Not in mirbase v21.0,NA,NA,NA
hsa-miR-1258,665.5,91,13.67392938
hsa-miR-1257,443,1.5,0.338600451
hsa-miR-1256,446,1,0.224215247
hsa-miR-1255b-5p,699.5,146,20.87205147
hsa-miR-1255b-2-3p,610,212,34.75409836
hsa-miR-1255a,821,224,27.28380024
hsa-miR-1254,531,43,8.097928437
hsa-miR-1253,536.5,50,9.319664492
hsa-miR-1252,713.5,206.5,28.94183602
hsa-miR-1251,642,87.5,13.62928349
hsa-miR-1250,549,11,2.003642987
hsa-miR-1249,725.5,179,24.67263956
hsa-miR-1248,908,333,36.67400881
hsa-miR-1247-5p,815,263,32.26993865
hsa-miR-1247-3p,832,311.5,37.43990385
hsa-miR-1246,712.5,143.5,20.14035088
hsa-miR-1245b-5p,507.5,21,4.137931034
hsa-miR-1245b-3p,462.5,22,4.756756757
hsa-miR-1245a,412.5,2.5,0.606060606
hsa-miR-1244,438.5,30,6.841505131
hsa-miR-1243,497.5,19.5,3.91959799
hsa-miR-124-5p,499,7.5,1.503006012
hsa-miR-124-3p,340.5,2,0.587371512
hsa-miR-1238-5p,786,266.5,33.90585242
hsa-miR-1238-3p,442,30,6.787330317
hsa-miR-1237-5p,664,288.5,43.44879518
hsa-miR-1237-3p,674.5,195,28.91030393
hsa-miR-1236-5p,569.5,167,29.32396839
hsa-miR-1236-3p,557.5,69,12.37668161
hsa-miR-1234-5p,881.5,418.5,47.47589336
hsa-miR-1234-3p,605.5,106.5,17.58876961
hsa-miR-1233-3p,701.5,111,15.82323592
hsa-miR-1233-1-5p,597.5,15,2.510460251
hsa-miR-1231,546.5,66.5,12.16834401
hsa-miR-1229-5p,713,184.5,25.87657784
hsa-miR-1229-3p,702.5,199,28.32740214
hsa-miR-1228-5p,732.5,207.5,28.32764505
hsa-miR-1228-3p,605.5,115.5,19.07514451
hsa-miR-1227-5p,769,324,42.13263979
hsa-miR-1227-3p,1012.5,364.5,36
hsa-miR-1226-5p,709.5,185,26.07470049
hsa-miR-1226-3p,793,170.5,21.50063052
hsa-miR-1225-5p,829.5,363,43.76130199
hsa-miR-1225-3p,812,229.5,28.2635468
hsa-miR-1224-5p,689,108,15.67489115
hsa-miR-1224-3p,925,495.5,53.56756757
hsa-miR-122-5p,586.5,74,12.6172208
hsa-miR-122-3p,590,140.5,23.81355932
hsa-miR-1208,610.5,28,4.586404586
hsa-miR-1207-5p,593.5,52.5,8.845829823
hsa-miR-1207-3p,422,2,0.473933649
hsa-miR-1206,639,99,15.49295775
hsa-miR-1205,454.5,1.5,0.330033003
hsa-miR-1204,530.5,4.5,0.848256362
hsa-miR-1203,581,104.5,17.98623064
hsa-miR-1202,763.5,225,29.46954813
hsa-miR-1201  Not in mirbase v21.0,NA,NA,NA
hsa-miR-1200,401.5,1.5,0.373599004
hsa-miR-1197,784,131,16.70918367
hsa-miR-1193,465,17,3.655913978
hsa-miR-1185-5p,638.5,192.5,30.14878622
hsa-miR-1185-2-3p,555.5,59,10.62106211
hsa-miR-1185-1-3p,509.5,73,14.32777233
hsa-miR-1184,535,71,13.27102804
hsa-miR-1183,528,70.5,13.35227273
hsa-miR-1182,635,175,27.55905512
hsa-miR-1181,804.5,286,35.55003108
hsa-miR-1180,424.5,4.5,1.060070671
hsa-miR-1179,532,69,12.96992481
hsa-miR-1178-5p,644,131.5,20.41925466
hsa-miR-1178-3p,544,19.5,3.584558824
hsa-miR-10b-5p,543.5,64,11.77552898
hsa-miR-10b-3p,475.5,5,1.051524711
hsa-miR-10a-5p,519,63,12.13872832
hsa-miR-10a-3p,460,30.5,6.630434783
hsa-miR-107,456,43,9.429824561
hsa-miR-106b-5p,1040.5,446,42.86400769
hsa-miR-106b-3p,566,41,7.243816254
hsa-miR-106a-5p,956,292,30.54393305
hsa-miR-106a-3p,423,7,1.654846336
hsa-miR-105-5p,634,88.5,13.95899054
hsa-miR-105-3p,557,57,10.23339318
hsa-miR-103b,447.5,2.5,0.558659218
hsa-miR-103a-3p,467.5,33.5,7.165775401
hsa-miR-103a-2-5p,536,45,8.395522388
hsa-miR-101-5p,469.5,13.5,2.875399361
hsa-miR-101-3p,650,37.5,5.769230769
hsa-miR-100-5p,566.5,96.5,17.03442189
hsa-miR-100-3p,518,86,16.6023166
hsa-miR-1-3p,484,5,1.033057851
hsa-let-7i-5p,443.5,54,12.17587373
hsa-let-7i-3p,821,322,39.22046285
hsa-let-7g-5p,532.5,58.5,10.98591549
hsa-let-7g-3p,423,0.5,0.11820331
hsa-let-7f-5p,558.5,66.5,11.90689346
hsa-let-7f-2-3p,496,24,4.838709677
hsa-let-7f-1-3p,395.5,5.5,1.390644753
hsa-let-7e-5p,546,74,13.55311355
hsa-let-7e-3p,578.5,59.5,10.2852204
hsa-let-7d-5p,584.5,63.5,10.86398631
hsa-let-7d-3p,507,36.5,7.199211045
hsa-let-7c-5p,550,68,12.36363636
hsa-let-7c-3p,NA,NA,NA
hsa-let-7b-5p,630.5,86,13.63996828
hsa-let-7b-3p,480,23.5,4.895833333
hsa-let-7a-5p,607,72.5,11.94398682
hsa-let-7a-3p,449,24,5.345211581
hsa-let-7a-2-3p,473,14.5,3.065539112